article_id,category,title,image_url
ART-0018,Diet & Nutrition,Essential nutrients you must get even when you have no appetite,https://havit-prod-us-east.s3.us-east-1.amazonaws.com/image/articles/art_0018.jpg
ART-0019,Diet & Nutrition,Small frequent meal method when you can't eat much at one time,https://havit-prod-us-east.s3.us-east-1.amazonaws.com/image/articles/art_0019.jpg
ART-0020,Diet & Nutrition,High-protein strategy to eat less while maintaining rich nutrition,https://havit-prod-us-east.s3.us-east-1.amazonaws.com/image/articles/art_0020.jpg
ART-0022,Diet & Nutrition,Meal timing and menu selection methods to reduce nausea,https://havit-prod-us-east.s3.us-east-1.amazonaws.com/image/articles/art_0022.jpg
ART-0032,Diet & Nutrition,How to Distinguish Between Good and Bad Carbohydrates,https://havit-prod-us-east.s3.us-east-1.amazonaws.com/image/articles/art_0032.jpg
ART-0033,Diet & Nutrition,The Key Role of Protein in Preventing Muscle Loss During Dieting,https://havit-prod-us-east.s3.us-east-1.amazonaws.com/image/articles/art_0033.jpg
ART-0034,Diet & Nutrition,Why You Need to Eat Good Fats to Reduce Body Fat,https://havit-prod-us-east.s3.us-east-1.amazonaws.com/image/articles/art_0034.jpg
ART-0035,Diet & Nutrition,Why Dietary Fiber is the Key to Diet Success,https://havit-prod-us-east.s3.us-east-1.amazonaws.com/image/articles/art_0035.jpg
ART-0036,Diet & Nutrition,5 Changes Whole Grains Bring to Dieters,https://havit-prod-us-east.s3.us-east-1.amazonaws.com/image/articles/art_0036.jpg
ART-0037,Diet & Nutrition,How to Create Complete Proteins Through Food Combinations Without Meat,https://havit-prod-us-east.s3.us-east-1.amazonaws.com/image/articles/art_0037.jpg
ART-0038,Diet & Nutrition,The Scientific Principles of How Omega-3 Helps Burn Body Fat,https://havit-prod-us-east.s3.us-east-1.amazonaws.com/image/articles/art_0038.jpg
ART-0040,Diet & Nutrition,The Real Cause of Fake Hunger: Could It Be a Magnesium Deficiency Signal?,https://havit-prod-us-east.s3.us-east-1.amazonaws.com/image/articles/art_0040.jpg
ART-0042,Diet & Nutrition,The Real Difference Between Animal vs Plant Protein,https://havit-prod-us-east.s3.us-east-1.amazonaws.com/image/articles/art_0042.jpg
ART-0043,Diet & Nutrition,Why you shouldn't eat all your protein in one meal,https://havit-prod-us-east.s3.us-east-1.amazonaws.com/image/articles/art_0043.jpg
ART-0044,Diet & Nutrition,5 Easy High-Protein Menu Ideas for Busy Mornings,https://havit-prod-us-east.s3.us-east-1.amazonaws.com/image/articles/art_0044.jpg
ART-0045,Diet & Nutrition,Protein Powder Selection Guide,https://havit-prod-us-east.s3.us-east-1.amazonaws.com/image/articles/art_0045.jpg
ART-0046,Diet & Nutrition,Creating Complete Proteins for Vegetarians,https://havit-prod-us-east.s3.us-east-1.amazonaws.com/image/articles/art_0046.jpg
ART-0047,Diet & Nutrition,Why Protein Increases Diet Success Rate by 3 Times,https://havit-prod-us-east.s3.us-east-1.amazonaws.com/image/articles/art_0047.jpg
ART-0048,Diet & Nutrition,5 Warning Signs Your Body Sends When You're Protein Deficient,https://havit-prod-us-east.s3.us-east-1.amazonaws.com/image/articles/art_0048.jpg
ART-0053,Diet & Nutrition,The Scientific Principles of How Protein Suppresses Hunger,https://havit-prod-us-east.s3.us-east-1.amazonaws.com/image/articles/art_0053.jpg
ART-0054,Diet & Nutrition,Why you gain weight more easily when muscle mass decreases,https://havit-prod-us-east.s3.us-east-1.amazonaws.com/image/articles/art_0054.jpg
ART-0055,Diet & Nutrition,Optimal Timing for Protein Shake Intake,https://havit-prod-us-east.s3.us-east-1.amazonaws.com/image/articles/art_0055.jpg
ART-0056,Diet & Nutrition,Why do I feel so tired when I'm lacking protein,https://havit-prod-us-east.s3.us-east-1.amazonaws.com/image/articles/art_0056.jpg
ART-0058,Diet & Nutrition,Why Muscle Mass is More Important Than Body Weight,https://havit-prod-us-east.s3.us-east-1.amazonaws.com/image/articles/art_0058.jpg
ART-0059,Diet & Nutrition,5 Changes That Happen in Your Body When You Increase Protein,https://havit-prod-us-east.s3.us-east-1.amazonaws.com/image/articles/art_0059.jpg
ART-0061,Diet & Nutrition,How Morning Protein Controls Daily Appetite,https://havit-prod-us-east.s3.us-east-1.amazonaws.com/image/articles/art_0061.jpg
ART-0062,Diet & Nutrition,5 Times You're Likely to Miss Your Protein,https://havit-prod-us-east.s3.us-east-1.amazonaws.com/image/articles/art_0062.jpg
ART-0063,Diet & Nutrition,The Scientific Principles of How Protein Prevents Binge Eating Urges,https://havit-prod-us-east.s3.us-east-1.amazonaws.com/image/articles/art_0063.jpg
ART-0064,Diet & Nutrition,Changes that occur in your body when protein intake is irregular,https://havit-prod-us-east.s3.us-east-1.amazonaws.com/image/articles/art_0064.jpg
ART-0065,Diet & Nutrition,Why muscle mass determines the speed of weight loss,https://havit-prod-us-east.s3.us-east-1.amazonaws.com/image/articles/art_0065.jpg
ART-0067,Diet & Nutrition,Why Protein Helps Muscle Recovery After Exercise,https://havit-prod-us-east.s3.us-east-1.amazonaws.com/image/articles/art_0067.jpg
ART-0070,Diet & Nutrition,The Scientific Principles of How Protein Automatically Regulates Appetite,https://havit-prod-us-east.s3.us-east-1.amazonaws.com/image/articles/art_0070.jpg
ART-0071,Diet & Nutrition,Understanding Why You Feel Sleepy After Eating and Blood Sugar Spikes,https://havit-prod-us-east.s3.us-east-1.amazonaws.com/image/articles/art_0071.jpg
ART-0072,Diet & Nutrition,Even the same carbohydrates affect blood sugar differently depending on the order,https://havit-prod-us-east.s3.us-east-1.amazonaws.com/image/articles/art_0072.jpg
ART-0073,Diet & Nutrition,7-Day Project to Break Carbohydrate Addiction,https://havit-prod-us-east.s3.us-east-1.amazonaws.com/image/articles/art_0073.jpg
ART-0074,Diet & Nutrition,Why Blood Sugar Stability is the Key to Body Fat Reduction,https://havit-prod-us-east.s3.us-east-1.amazonaws.com/image/articles/art_0074.jpg
ART-0075,Diet & Nutrition,The Scientific Principle of How Dietary Fiber Prevents Blood Sugar Spikes,https://havit-prod-us-east.s3.us-east-1.amazonaws.com/image/articles/art_0075.jpg
ART-0076,Diet & Nutrition,Low-GI Food List for Blood Sugar Stability,https://havit-prod-us-east.s3.us-east-1.amazonaws.com/image/articles/art_0076.jpg
ART-0077,Diet & Nutrition,Snack Selection Guide for Blood Sugar Stability,https://havit-prod-us-east.s3.us-east-1.amazonaws.com/image/articles/art_0077.jpg
ART-0078,Diet & Nutrition,Why high fasting blood sugar prevents weight loss,https://havit-prod-us-east.s3.us-east-1.amazonaws.com/image/articles/art_0078.jpg
ART-0079,Diet & Nutrition,The Scientific Reason Why You Should Check Your Blood Sugar Before Eating Sweets,https://havit-prod-us-east.s3.us-east-1.amazonaws.com/image/articles/art_0079.jpg
ART-0080,Diet & Nutrition,The Hidden Mechanism of How Blood Sugar Fluctuations Trigger Binge Eating,https://havit-prod-us-east.s3.us-east-1.amazonaws.com/image/articles/art_0080.jpg
ART-0082,Diet & Nutrition,Blood Sugar Signals That Post-Meal Drowsiness Reveals,https://havit-prod-us-east.s3.us-east-1.amazonaws.com/image/articles/art_0082.jpg
ART-0083,Diet & Nutrition,Blood sugar stability is the first key to appetite control,https://havit-prod-us-east.s3.us-east-1.amazonaws.com/image/articles/art_0083.jpg
ART-0084,Diet & Nutrition,Just changing the order you eat can make a difference in blood sugar,https://havit-prod-us-east.s3.us-east-1.amazonaws.com/image/articles/art_0084.jpg
ART-0085,Diet & Nutrition,Common Patterns Among People Who Struggle with Blood Sugar Management,https://havit-prod-us-east.s3.us-east-1.amazonaws.com/image/articles/art_0085.jpg
ART-0086,Diet & Nutrition,Why blood sugar remains high despite reducing carbohydrates,https://havit-prod-us-east.s3.us-east-1.amazonaws.com/image/articles/art_0086.jpg
ART-0088,Diet & Nutrition,Control Blood Sugar Spikes with 10 Minutes of Post-Meal Movement,https://havit-prod-us-east.s3.us-east-1.amazonaws.com/image/articles/art_0088.jpg
ART-0089,Diet & Nutrition,How to Enjoy Carbohydrates Without Blood Sugar Spikes,https://havit-prod-us-east.s3.us-east-1.amazonaws.com/image/articles/art_0089.jpg
ART-0090,Diet & Nutrition,Body changes that occur when blood sugar is well managed,https://havit-prod-us-east.s3.us-east-1.amazonaws.com/image/articles/art_0090.jpg
ART-0091,Diet & Nutrition,"7700kcal to lose 1kg of body fat, what it really means",https://havit-prod-us-east.s3.us-east-1.amazonaws.com/image/articles/art_0091.jpg
ART-0092,Diet & Nutrition,How to Calculate Your Daily Calorie Needs,https://havit-prod-us-east.s3.us-east-1.amazonaws.com/image/articles/art_0092.jpg
ART-0093,Diet & Nutrition,Will I lose weight if I just reduce calories?,https://havit-prod-us-east.s3.us-east-1.amazonaws.com/image/articles/art_0093.jpg
ART-0096,Diet & Nutrition,Finding Your Personal Diet Formula with Body Type-Specific Carb-Protein-Fat Ratios,https://havit-prod-us-east.s3.us-east-1.amazonaws.com/image/articles/art_0096.jpg
ART-0097,Diet & Nutrition,Why Extreme Calorie Restriction Backfires,https://havit-prod-us-east.s3.us-east-1.amazonaws.com/image/articles/art_0097.jpg
ART-0101,Diet & Nutrition,What You Miss When You Only Focus on Calorie Numbers,https://havit-prod-us-east.s3.us-east-1.amazonaws.com/image/articles/art_0101.jpg
ART-0102,Diet & Nutrition,How to Find the Right Calorie Deficit for Me,https://havit-prod-us-east.s3.us-east-1.amazonaws.com/image/articles/art_0102.jpg
ART-0103,Diet & Nutrition,Why Satiety Matters More Than Calories for Diet Success,https://havit-prod-us-east.s3.us-east-1.amazonaws.com/image/articles/art_0103.jpg
ART-0105,Diet & Nutrition,How to Eat Healthy Without Counting Calories,https://havit-prod-us-east.s3.us-east-1.amazonaws.com/image/articles/art_0105.jpg
ART-0107,Diet & Nutrition,Why Gut Health Determines Weight Loss Success Rate,https://havit-prod-us-east.s3.us-east-1.amazonaws.com/image/articles/art_0107.jpg
ART-0108,Diet & Nutrition,How to Distinguish Prebiotics vs Probiotics,https://havit-prod-us-east.s3.us-east-1.amazonaws.com/image/articles/art_0108.jpg
ART-0109,Diet & Nutrition,The Hidden Reason Why Constipation Sabotages Diet Success,https://havit-prod-us-east.s3.us-east-1.amazonaws.com/image/articles/art_0109.jpg
ART-0110,Diet & Nutrition,How to Maximize Satiety Using Dietary Fiber,https://havit-prod-us-east.s3.us-east-1.amazonaws.com/image/articles/art_0110.jpg
ART-0111,Diet & Nutrition,Why a Healthy Gut Leads to Weight Loss,https://havit-prod-us-east.s3.us-east-1.amazonaws.com/image/articles/art_0111.jpg
ART-0112,Diet & Nutrition,The Secret of Satiety Created by Dietary Fiber,https://havit-prod-us-east.s3.us-east-1.amazonaws.com/image/articles/art_0112.jpg
ART-0113,Diet & Nutrition,Hidden Mechanisms: How Gut Microbes Control Your Weight,https://havit-prod-us-east.s3.us-east-1.amazonaws.com/image/articles/art_0113.jpg
ART-0115,Diet & Nutrition,"It's okay without vegetables, smart ways to get your fiber",https://havit-prod-us-east.s3.us-east-1.amazonaws.com/image/articles/art_0115.jpg
ART-0116,Diet & Nutrition,Why You Must Drink Water When Consuming Dietary Fiber,https://havit-prod-us-east.s3.us-east-1.amazonaws.com/image/articles/art_0116.jpg
ART-0117,Diet & Nutrition,Does skipping breakfast really make you gain weight,https://havit-prod-us-east.s3.us-east-1.amazonaws.com/image/articles/art_0117.jpg
ART-0118,Diet & Nutrition,How to Compose Meals for Late Dinners Without Weight Gain,https://havit-prod-us-east.s3.us-east-1.amazonaws.com/image/articles/art_0118.jpg
ART-0122,Diet & Nutrition,Systematic Meal Prep Guide for Beginners,https://havit-prod-us-east.s3.us-east-1.amazonaws.com/image/articles/art_0122.jpg
ART-0123,Diet & Nutrition,How to Choose Ingredients That Retain Their Nutritional Value Even When Frozen,https://havit-prod-us-east.s3.us-east-1.amazonaws.com/image/articles/art_0123.jpg
ART-0124,Diet & Nutrition,Switching from frying to grilling cuts calories in half,https://havit-prod-us-east.s3.us-east-1.amazonaws.com/image/articles/art_0124.jpg
ART-0125,Diet & Nutrition,Healthy One-Meal Recipes Completed in 10 Minutes,https://havit-prod-us-east.s3.us-east-1.amazonaws.com/image/articles/art_0125.jpg
ART-0126,Diet & Nutrition,Why Planning Your Weekly Meal Plan in Advance Makes Weight Management Easier,https://havit-prod-us-east.s3.us-east-1.amazonaws.com/image/articles/art_0126.jpg
ART-0127,Diet & Nutrition,Diet strategies to reduce calories without hunger,https://havit-prod-us-east.s3.us-east-1.amazonaws.com/image/articles/art_0127.jpg
ART-0128,Diet & Nutrition,The Impact of Regular Meal Times on Weight Management,https://havit-prod-us-east.s3.us-east-1.amazonaws.com/image/articles/art_0128.jpg
ART-0129,Diet & Nutrition,Managing Weight with Daily Nutrient Distribution,https://havit-prod-us-east.s3.us-east-1.amazonaws.com/image/articles/art_0129.jpg
ART-0130,Diet & Nutrition,Does eating slowly really help you lose weight?,https://havit-prod-us-east.s3.us-east-1.amazonaws.com/image/articles/art_0130.jpg
ART-0133,Diet & Nutrition,How to Order Wisely at Western Restaurants,https://havit-prod-us-east.s3.us-east-1.amazonaws.com/image/articles/art_0133.jpg
ART-0135,Diet & Nutrition,Choosing Diet Menu at Japanese Restaurants,https://havit-prod-us-east.s3.us-east-1.amazonaws.com/image/articles/art_0135.jpg
ART-0136,Diet & Nutrition,How to Eat at Fast Food Restaurants While Managing Weight,https://havit-prod-us-east.s3.us-east-1.amazonaws.com/image/articles/art_0136.jpg
ART-0137,Diet & Nutrition,Smart Menu Selection Tips for Weight Management at Cafes,https://havit-prod-us-east.s3.us-east-1.amazonaws.com/image/articles/art_0137.jpg
ART-0138,Diet & Nutrition,Small strategies to eat less at buffets,https://havit-prod-us-east.s3.us-east-1.amazonaws.com/image/articles/art_0138.jpg
ART-0140,Diet & Nutrition,Smart Diet Management for Weeks with Many Dinner Appointments,https://havit-prod-us-east.s3.us-east-1.amazonaws.com/image/articles/art_0140.jpg
ART-0142,Diet & Nutrition,Smart Late-Night Snack Guide for When You're Hungry,https://havit-prod-us-east.s3.us-east-1.amazonaws.com/image/articles/art_0142.jpg
ART-0143,Diet & Nutrition,Healthy alternatives you can choose instead of chocolate,https://havit-prod-us-east.s3.us-east-1.amazonaws.com/image/articles/art_0143.jpg
ART-0144,Diet & Nutrition,5 Healthy Crunchy Snacks to Eat Instead of Processed Snacks,https://havit-prod-us-east.s3.us-east-1.amazonaws.com/image/articles/art_0144.jpg
ART-0145,Diet & Nutrition,5 Cool Snacks to Eat Instead of Ice Cream,https://havit-prod-us-east.s3.us-east-1.amazonaws.com/image/articles/art_0145.jpg
ART-0148,Diet & Nutrition,How to Distinguish Real Hunger vs Fake Hunger,https://havit-prod-us-east.s3.us-east-1.amazonaws.com/image/articles/art_0148.jpg
ART-0150,Diet & Nutrition,Fruit Diet: Smart Eating with Glycemic Index,https://havit-prod-us-east.s3.us-east-1.amazonaws.com/image/articles/art_0150.jpg
ART-0151,Diet & Nutrition,"Nuts are healthy, but there's an appropriate amount",https://havit-prod-us-east.s3.us-east-1.amazonaws.com/image/articles/art_0151.jpg
ART-0152,Diet & Nutrition,How to Distinguish Between Real and Fake Hunger,https://havit-prod-us-east.s3.us-east-1.amazonaws.com/image/articles/art_0152.jpg
ART-0153,Diet & Nutrition,5 Methods to Try When Experiencing False Hunger,https://havit-prod-us-east.s3.us-east-1.amazonaws.com/image/articles/art_0153.jpg
ART-0154,Diet & Nutrition,15-Minute Strategy to Resist Food Cravings,https://havit-prod-us-east.s3.us-east-1.amazonaws.com/image/articles/art_0154.jpg
ART-0157,Diet & Nutrition,How to immediately cope when binge eating urges arise,https://havit-prod-us-east.s3.us-east-1.amazonaws.com/image/articles/art_0157.jpg
ART-0158,Diet & Nutrition,The Real Reason Behind Days When You're Hungry No Matter How Much You Eat,https://havit-prod-us-east.s3.us-east-1.amazonaws.com/image/articles/art_0158.jpg
ART-0159,Diet & Nutrition,How to manage your next meal after overeating,https://havit-prod-us-east.s3.us-east-1.amazonaws.com/image/articles/art_0159.jpg
ART-0160,Diet & Nutrition,How to Scientifically Manage Pre-Menstrual Binge Eating Urges,https://havit-prod-us-east.s3.us-east-1.amazonaws.com/image/articles/art_0160.jpg
ART-0161,Diet & Nutrition,Why You Get Hungry at Night and How to Deal with It,https://havit-prod-us-east.s3.us-east-1.amazonaws.com/image/articles/art_0161.jpg
ART-0163,Diet & Nutrition,5 Signals Your Body Sends Before Binge Eating,https://havit-prod-us-east.s3.us-east-1.amazonaws.com/image/articles/art_0163.jpg
ART-0164,Diet & Nutrition,Why Self-Blame After Binge Eating Makes You Eat More,https://havit-prod-us-east.s3.us-east-1.amazonaws.com/image/articles/art_0164.jpg
ART-0165,Diet & Nutrition,3-Step Behavioral Strategy to Control Late-Night Cravings,https://havit-prod-us-east.s3.us-east-1.amazonaws.com/image/articles/art_0165.jpg
ART-0167,Diet & Nutrition,The Scientific Reason Why We Crave Sweets When Tired,https://havit-prod-us-east.s3.us-east-1.amazonaws.com/image/articles/art_0167.jpg
ART-0169,Diet & Nutrition,Checklist to Review When Your Appetite Won't Stop,https://havit-prod-us-east.s3.us-east-1.amazonaws.com/image/articles/art_0169.jpg
ART-0172,Diet & Nutrition,16:8 Intermittent Fasting Complete Guide,https://havit-prod-us-east.s3.us-east-1.amazonaws.com/image/articles/art_0172.jpg
ART-0173,Diet & Nutrition,Is the 5:2 diet right for me?,https://havit-prod-us-east.s3.us-east-1.amazonaws.com/image/articles/art_0173.jpg
ART-0174,Diet & Nutrition,What You Can Eat and What to Avoid During Fasting,https://havit-prod-us-east.s3.us-east-1.amazonaws.com/image/articles/art_0174.jpg
ART-0175,Diet & Nutrition,Timeline of Changes in Your Body During Fasting,https://havit-prod-us-east.s3.us-east-1.amazonaws.com/image/articles/art_0175.jpg
ART-0177,Diet & Nutrition,Characteristics of people who are not suited for intermittent fasting,https://havit-prod-us-east.s3.us-east-1.amazonaws.com/image/articles/art_0177.jpg
ART-0179,Diet & Nutrition,How to reduce headaches and fatigue during fasting,https://havit-prod-us-east.s3.us-east-1.amazonaws.com/image/articles/art_0179.jpg
ART-0180,Diet & Nutrition,Is a low-carb diet really right for me,https://havit-prod-us-east.s3.us-east-1.amazonaws.com/image/articles/art_0180.jpg
ART-0181,Diet & Nutrition,The Truth and Realistic Choices of the Ketogenic Diet,https://havit-prod-us-east.s3.us-east-1.amazonaws.com/image/articles/art_0181.jpg
ART-0182,Diet & Nutrition,Essential Supplement Selection Guide During Diet,https://havit-prod-us-east.s3.us-east-1.amazonaws.com/image/articles/art_0182.jpg
ART-0183,Diet & Nutrition,How to Properly Choose and Take Omega-3 Supplements,https://havit-prod-us-east.s3.us-east-1.amazonaws.com/image/articles/art_0183.jpg
ART-0184,Diet & Nutrition,Why Vitamin D Deficiency Leads to Weight Gain,https://havit-prod-us-east.s3.us-east-1.amazonaws.com/image/articles/art_0184.jpg
ART-0185,Diet & Nutrition,How to Choose the Right Probiotics for Your Gut,https://havit-prod-us-east.s3.us-east-1.amazonaws.com/image/articles/art_0185.jpg
ART-0186,Diet & Nutrition,The Truth About Diet Supplements and How to Choose Wisely,https://havit-prod-us-east.s3.us-east-1.amazonaws.com/image/articles/art_0186.jpg
ART-0187,Diet & Nutrition,Do fat burning supplements really work?,https://havit-prod-us-east.s3.us-east-1.amazonaws.com/image/articles/art_0187.jpg
ART-0188,Diet & Nutrition,Essential Things to Check Before Choosing Appetite Suppressants,https://havit-prod-us-east.s3.us-east-1.amazonaws.com/image/articles/art_0188.jpg
ART-0189,Diet & Nutrition,Natural ways to get nutrients without supplements,https://havit-prod-us-east.s3.us-east-1.amazonaws.com/image/articles/art_0189.jpg
ART-0190,Diet & Nutrition,Characteristics of people who need magnesium supplements,https://havit-prod-us-east.s3.us-east-1.amazonaws.com/image/articles/art_0190.jpg
ART-0191,Diet & Nutrition,Do You Really Need Iron Supplements During Your Diet?,https://havit-prod-us-east.s3.us-east-1.amazonaws.com/image/articles/art_0191.jpg
ART-0194,Diet & Nutrition,Dietary Strategies for Managing High Cholesterol,https://havit-prod-us-east.s3.us-east-1.amazonaws.com/image/articles/art_0194.jpg
ART-0197,Diet & Nutrition,Anti-inflammatory Diet Guide for Arthritis Relief,https://havit-prod-us-east.s3.us-east-1.amazonaws.com/image/articles/art_0197.jpg
ART-0199,Diet & Nutrition,Safe Diet Guide for Gout Patients,https://havit-prod-us-east.s3.us-east-1.amazonaws.com/image/articles/art_0199.jpg
ART-0200,Diet & Nutrition,How to manage weight healthily even with gastroesophageal reflux disease,https://havit-prod-us-east.s3.us-east-1.amazonaws.com/image/articles/art_0200.jpg
ART-0201,Diet & Nutrition,How to Control Protein Intake When Kidney Function Declines,https://havit-prod-us-east.s3.us-east-1.amazonaws.com/image/actions/image/IMG_PRO_008.jpg
ART-0203,Diet & Nutrition,Postpartum Diet: Knowing When Your Body Is Ready,https://havit-prod-us-east.s3.us-east-1.amazonaws.com/image/actions/image/IMG_CARB_003.jpg
ART-0204,Diet & Nutrition,Step-by-Step Guide to Safe Weight Management During Breastfeeding,https://havit-prod-us-east.s3.us-east-1.amazonaws.com/image/actions/image/IMG_VEG_003.jpg
ART-0205,Diet & Nutrition,"Menopause weight gain, coping strategies tailored to hormonal changes",https://havit-prod-us-east.s3.us-east-1.amazonaws.com/image/actions/image/IMG_CARB_003.jpg
ART-0207,Diet & Nutrition,Healthy Weight Management Guide for Teenagers,https://havit-prod-us-east.s3.us-east-1.amazonaws.com/image/actions/image/IMG_CAT_DIET.jpg
ART-0208,Diet & Nutrition,Brain-Boosting Nutrition Diet for Students to Enhance Focus,https://havit-prod-us-east.s3.us-east-1.amazonaws.com/image/actions/image/IMG_CARB_003.jpg
ART-0210,Diet & Nutrition,Easy healthy meal management even when living alone,https://havit-prod-us-east.s3.us-east-1.amazonaws.com/image/actions/image/IMG_CARB_003.jpg
ART-0211,Diet & Nutrition,How to Eat Healthy on a Tight Budget,https://havit-prod-us-east.s3.us-east-1.amazonaws.com/image/actions/image/IMG_CARB_003.jpg
ART-0212,Diet & Nutrition,Cut Calories in Half with the Same Ingredients,https://havit-prod-us-east.s3.us-east-1.amazonaws.com/image/actions/image/IMG_CARB_003.jpg
ART-0213,Diet & Nutrition,How to cook healthy without oil using an air fryer,https://havit-prod-us-east.s3.us-east-1.amazonaws.com/image/actions/image/IMG_VEG_005.jpg
ART-0214,Diet & Nutrition,Making Healthy Sauces for Dieters,https://havit-prod-us-east.s3.us-east-1.amazonaws.com/image/actions/image/IMG_CARB_007.jpg
ART-0215,Diet & Nutrition,Creating Healthy Eating Habits Through Refrigerator Organization,https://havit-prod-us-east.s3.us-east-1.amazonaws.com/image/actions/image/IMG_CARB_003.jpg
ART-0217,Diet & Nutrition,Micro-movements that burn calories while sitting at work,https://havit-prod-us-east.s3.us-east-1.amazonaws.com/image/actions/image/IMG_CAT_DIET.jpg
ART-0220,Diet & Nutrition,How to Burn 300 More Calories a Day by Working While Standing,https://havit-prod-us-east.s3.us-east-1.amazonaws.com/image/actions/image/IMG_CARB_003.jpg
ART-0252,Diet & Nutrition,Zero Injuries! Perfect Squat & Deadlift Form,https://havit-prod-us-east.s3.us-east-1.amazonaws.com/image/actions/image/IMG_CARB_003.jpg
ART-0273,Diet & Nutrition,"Maximum Efficiency in Short Time, Perfect Burpee Test Guide",https://havit-prod-us-east.s3.us-east-1.amazonaws.com/image/actions/image/IMG_CAT_DIET.jpg
ART-0300,Diet & Nutrition,Relieving Muscle Pain with Foam Roller Self-Massage,https://havit-prod-us-east.s3.us-east-1.amazonaws.com/image/actions/image/IMG_CAT_DIET.jpg
ART-0307,Diet & Nutrition,Find Your Personal Fat-Burning Heart Rate with a Smartwatch,https://havit-prod-us-east.s3.us-east-1.amazonaws.com/image/actions/image/IMG_CARB_003.jpg
ART-0323,Diet & Nutrition,How to Calculate Your Body's Exact Daily Water Intake Needs,https://havit-prod-us-east.s3.us-east-1.amazonaws.com/image/actions/image/IMG_CAT_DIET.jpg
ART-0329,Diet & Nutrition,Simple Ways to Distinguish Between Bloating and Fat,https://havit-prod-us-east.s3.us-east-1.amazonaws.com/image/actions/image/IMG_FAT_005.jpg
ART-0376,Diet & Nutrition,"Emotional appetite, soothing with methods other than food",https://havit-prod-us-east.s3.us-east-1.amazonaws.com/image/actions/image/IMG_CAT_DIET.jpg
ART-0431,Diet & Nutrition,How to Stay Strong Against Others' 'Eat More' Pressure,https://havit-prod-us-east.s3.us-east-1.amazonaws.com/image/actions/image/IMG_CARB_003.jpg
ART-0432,Diet & Nutrition,How to Politely Decline Food Offers,https://havit-prod-us-east.s3.us-east-1.amazonaws.com/image/actions/image/IMG_CARB_003.jpg
ART-0434,Diet & Nutrition,Healthy Choices in Food-Centered Hospitality Culture,https://havit-prod-us-east.s3.us-east-1.amazonaws.com/image/actions/image/IMG_CAT_DIET.jpg
ART-0484,Diet & Nutrition,Reduced calories but weight stays the same? How to break through plateaus,https://havit-prod-us-east.s3.us-east-1.amazonaws.com/image/actions/image/IMG_CAT_DIET.jpg
ART-0489,Diet & Nutrition,Weight Gain ≠ Fat Gain! The Truth About Your Body,https://havit-prod-us-east.s3.us-east-1.amazonaws.com/image/actions/image/IMG_FAT_005.jpg
ART-0491,Diet & Nutrition,Don't be fooled by the scale! Real health indicators,https://havit-prod-us-east.s3.us-east-1.amazonaws.com/image/actions/image/IMG_FAT_005.jpg
ART-0512,Diet & Nutrition,How to Turn Off the Fat Storage Hormone Insulin Switch,https://havit-prod-us-east.s3.us-east-1.amazonaws.com/image/actions/image/IMG_CARB_003.jpg
ART-0514,Diet & Nutrition,Why Your Last Meal 3 Hours Before Bedtime Determines Fat Burning,https://havit-prod-us-east.s3.us-east-1.amazonaws.com/image/actions/image/IMG_CARB_003.jpg
ART-0519,Diet & Nutrition,Prebiotic Diet to Eliminate Fat-Storing Bacteria in Your Body,https://havit-prod-us-east.s3.us-east-1.amazonaws.com/image/actions/image/IMG_CAT_DIET.jpg
ART-0520,Diet & Nutrition,Is it true that cold burns fat?,https://havit-prod-us-east.s3.us-east-1.amazonaws.com/image/actions/image/IMG_FAT_005.jpg
ART-0522,Diet & Nutrition,Eating according to your biological clock is the key to weight loss,https://havit-prod-us-east.s3.us-east-1.amazonaws.com/image/actions/image/IMG_CARB_003.jpg
ART-0527,Diet & Nutrition,Why Body Fat Percentage is More Important Than Weight,https://havit-prod-us-east.s3.us-east-1.amazonaws.com/image/actions/image/IMG_VEG_003.jpg
ART-0528,Diet & Nutrition,Understanding Visceral Fat Through Waist Circumference and How to Reduce It Healthily,https://havit-prod-us-east.s3.us-east-1.amazonaws.com/image/actions/image/IMG_CARB_003.jpg
ART-0532,Diet & Nutrition,The Scientific Principles of How Fasting Cleanses Waste from the Body,https://havit-prod-us-east.s3.us-east-1.amazonaws.com/image/actions/image/IMG_MEAL_006.jpg
ART-0533,Diet & Nutrition,48 Hours After Protein Intake: The Muscle Building Process,https://havit-prod-us-east.s3.us-east-1.amazonaws.com/image/actions/image/IMG_PRO_008.jpg
ART-0546,Diet & Nutrition,Is intermittent fasting the right method for me?,https://havit-prod-us-east.s3.us-east-1.amazonaws.com/image/actions/image/IMG_MEAL_006.jpg
ART-0547,Diet & Nutrition,Low-Carb High-Fat vs Low-Fat: Weight Loss Effect Comparison,https://havit-prod-us-east.s3.us-east-1.amazonaws.com/image/actions/image/IMG_CARB_003.jpg
ART-0550,Diet & Nutrition,Calorie Burning Effects of Half-Body Baths and Hot-Cold Baths,https://havit-prod-us-east.s3.us-east-1.amazonaws.com/image/actions/image/IMG_CAT_DIET.jpg
ART-0552,Diet & Nutrition,Why changing bowl size alone reduces calories by 20%,https://havit-prod-us-east.s3.us-east-1.amazonaws.com/image/actions/image/IMG_CARB_003.jpg
ART-0557,Diet & Nutrition,24-Hour Emergency Recovery Guide After Binge Eating,https://havit-prod-us-east.s3.us-east-1.amazonaws.com/image/actions/image/IMG_CAT_DIET.jpg
ART-0567,Diet & Nutrition,Blood Sugar Stabilizing Diet for Long-Distance Drivers,https://havit-prod-us-east.s3.us-east-1.amazonaws.com/image/actions/image/IMG_CARB_003.jpg
ART-0568,Diet & Nutrition,Meal Strategies for Healthcare Workers During Break Times,https://havit-prod-us-east.s3.us-east-1.amazonaws.com/image/actions/image/IMG_VEG_003.jpg
ART-0571,Diet & Nutrition,Brain Nutrition Management for Test Takers,https://havit-prod-us-east.s3.us-east-1.amazonaws.com/image/actions/image/IMG_MEAL_007.jpg
ART-0573,Diet & Nutrition,Diet Management Tips for Frequent Business Travelers,https://havit-prod-us-east.s3.us-east-1.amazonaws.com/image/actions/image/IMG_MEAL_007.jpg
ART-0579,Diet & Nutrition,Stay Healthy Even in Dorms! A Practical Diet Guide for College Students,https://havit-prod-us-east.s3.us-east-1.amazonaws.com/image/actions/image/IMG_CARB_003.jpg
ART-0587,Diet & Nutrition,Why You Need More Protein as You Age,https://havit-prod-us-east.s3.us-east-1.amazonaws.com/image/actions/image/IMG_PRO_008.jpg
ART-0592,Diet & Nutrition,Perfect Nutrition Even Without Appetite! Senior Nutrition Management Guide,https://havit-prod-us-east.s3.us-east-1.amazonaws.com/image/actions/image/IMG_CARB_003.jpg
ART-0603,Diet & Nutrition,Ways to burn calories indoors during cold winter,https://havit-prod-us-east.s3.us-east-1.amazonaws.com/image/actions/image/IMG_CARB_003.jpg
ART-0618,Diet & Nutrition,Smart Ways to Handle Family Meal Pressure,https://havit-prod-us-east.s3.us-east-1.amazonaws.com/image/actions/image/IMG_CARB_003.jpg
ART-0622,Diet & Nutrition,How to Wisely Handle Parents' 'Eat More' Pressure,https://havit-prod-us-east.s3.us-east-1.amazonaws.com/image/actions/image/IMG_CAT_DIET.jpg
ART-0626,Diet & Nutrition,The Impact of Family Meals on Weight Management,https://havit-prod-us-east.s3.us-east-1.amazonaws.com/image/actions/image/IMG_MEAL_007.jpg
ART-0633,Diet & Nutrition,Managing Menopausal Belly Fat with Good Fats,https://havit-prod-us-east.s3.us-east-1.amazonaws.com/image/actions/image/IMG_CARB_003.jpg
ART-0641,Diet & Nutrition,3 Dietary Strategies for Balancing Hormones,https://havit-prod-us-east.s3.us-east-1.amazonaws.com/image/actions/image/IMG_CARB_006.jpg
ART-0647,Diet & Nutrition,The real reason why just looking at food photos makes you hungry,https://havit-prod-us-east.s3.us-east-1.amazonaws.com/image/actions/image/IMG_CARB_003.jpg
ART-0648,Diet & Nutrition,The Real Reason Why Food Instagram Stimulates Appetite,https://havit-prod-us-east.s3.us-east-1.amazonaws.com/image/actions/image/IMG_VEG_005.jpg
ART-0661,Diet & Nutrition,Hide snacks and make fruits visible,https://havit-prod-us-east.s3.us-east-1.amazonaws.com/image/actions/image/IMG_CARB_003.jpg
ART-0662,Diet & Nutrition,How plate size and color control appetite,https://havit-prod-us-east.s3.us-east-1.amazonaws.com/image/actions/image/IMG_MEAL_007.jpg
ART-0664,Diet & Nutrition,Why eating at the dining table helps with dieting,https://havit-prod-us-east.s3.us-east-1.amazonaws.com/image/actions/image/IMG_CARB_003.jpg
ART-0680,Diet & Nutrition,Special reward methods for myself instead of food,https://havit-prod-us-east.s3.us-east-1.amazonaws.com/image/actions/image/IMG_CARB_003.jpg
ART-0694,Diet & Nutrition,Lose 3kg with Just One Meal Photo,https://havit-prod-us-east.s3.us-east-1.amazonaws.com/image/actions/image/IMG_CARB_003.jpg
ART-0724,Diet & Nutrition,Relationship with Food: Patterns That Begin in Childhood,https://havit-prod-us-east.s3.us-east-1.amazonaws.com/image/actions/image/IMG_CAT_DIET.jpg
ART-0725,Diet & Nutrition,Rebuilding a Healthy Relationship with Food,https://havit-prod-us-east.s3.us-east-1.amazonaws.com/image/actions/image/IMG_CARB_003.jpg
ART-0728,Diet & Nutrition,The Scientific Principles Behind Post-Eating Regret,https://havit-prod-us-east.s3.us-east-1.amazonaws.com/image/actions/image/IMG_CARB_003.jpg
ART-0729,Diet & Nutrition,Why Eating Without Guilt is More Effective for Dieting,https://havit-prod-us-east.s3.us-east-1.amazonaws.com/image/actions/image/IMG_CARB_003.jpg
ART-0731,Diet & Nutrition,The Real Reason You Reach for Food When Bored,https://havit-prod-us-east.s3.us-east-1.amazonaws.com/image/actions/image/IMG_CAT_DIET.jpg
ART-0734,Diet & Nutrition,Things that can replace late-night hunger when it's loneliness,https://havit-prod-us-east.s3.us-east-1.amazonaws.com/image/actions/image/IMG_VEG_005.jpg
ART-0735,Diet & Nutrition,The Real Reason You Keep Eating When You're Angry,https://havit-prod-us-east.s3.us-east-1.amazonaws.com/image/actions/image/IMG_CARB_003.jpg
ART-0737,Diet & Nutrition,The Trap of Food Rewards: Why Your Brain Craves More,https://havit-prod-us-east.s3.us-east-1.amazonaws.com/image/actions/image/IMG_CARB_003.jpg
ART-0738,Diet & Nutrition,Maintaining motivation with healthy rewards instead of food,https://havit-prod-us-east.s3.us-east-1.amazonaws.com/image/actions/image/IMG_CARB_003.jpg
ART-0749,Diet & Nutrition,Smart Snack Selection to Avoid Blood Sugar Spikes,https://havit-prod-us-east.s3.us-east-1.amazonaws.com/image/actions/image/IMG_CARB_003.jpg
ART-0751,Diet & Nutrition,Core Principles of a Cholesterol-Lowering Diet,https://havit-prod-us-east.s3.us-east-1.amazonaws.com/image/actions/image/IMG_CARB_003.jpg
ART-0756,Diet & Nutrition,Healthy eating methods that are delicious even without broth,https://havit-prod-us-east.s3.us-east-1.amazonaws.com/image/actions/image/IMG_MEAL_007.jpg
ART-0784,Diet & Nutrition,Complete Guide to Healthy Weight Gain,https://havit-prod-us-east.s3.us-east-1.amazonaws.com/image/actions/image/IMG_CARB_003.jpg
ART-0785,Diet & Nutrition,Smart Calorie Surplus Method for Building Muscle Only,https://havit-prod-us-east.s3.us-east-1.amazonaws.com/image/actions/image/IMG_CARB_003.jpg
ART-0786,Diet & Nutrition,How to Choose Nutrient-Dense Foods for Healthy Weight Gain,https://havit-prod-us-east.s3.us-east-1.amazonaws.com/image/actions/image/IMG_CARB_003.jpg
ART-0788,Diet & Nutrition,How to Gain Weight Healthily Even Without Appetite,https://havit-prod-us-east.s3.us-east-1.amazonaws.com/image/actions/image/IMG_MEAL_007.jpg
ART-0791,Diet & Nutrition,Escape Skinny Fat! A Systematic Approach to Reducing Body Fat,https://havit-prod-us-east.s3.us-east-1.amazonaws.com/image/actions/image/IMG_FAT_005.jpg
ART-0793,Diet & Nutrition,Escape Skinny Fat! Fat Selection Guide to Burn Visceral Fat,https://havit-prod-us-east.s3.us-east-1.amazonaws.com/image/actions/image/IMG_FAT_005.jpg
ART-0796,Diet & Nutrition,Escape Skinny Fat! 5 Diet Principles to Build Muscle,https://havit-prod-us-east.s3.us-east-1.amazonaws.com/image/actions/image/IMG_CAT_DIET.jpg
ART-0798,Diet & Nutrition,Complete Guide to Overcoming Severe Obesity,https://havit-prod-us-east.s3.us-east-1.amazonaws.com/image/actions/image/IMG_CAT_DIET.jpg
ART-0805,Diet & Nutrition,Body Fat Cutting Guide for Muscular Body Type,https://havit-prod-us-east.s3.us-east-1.amazonaws.com/image/actions/image/IMG_FAT_005.jpg
ART-0806,Diet & Nutrition,How to reduce body fat while minimizing muscle loss,https://havit-prod-us-east.s3.us-east-1.amazonaws.com/image/actions/image/IMG_CARB_003.jpg
ART-0808,Diet & Nutrition,Smart diet method to burn only body fat while protecting muscle,https://havit-prod-us-east.s3.us-east-1.amazonaws.com/image/actions/image/IMG_CARB_003.jpg
ART-0809,Diet & Nutrition,Optimizing Protein Intake During Cutting: How to Lose Body Fat Without Muscle Loss,https://havit-prod-us-east.s3.us-east-1.amazonaws.com/image/actions/image/IMG_PRO_008.jpg
ART-0835,Diet & Nutrition,Basic Nutrition Guide for Diet Beginners,https://havit-prod-us-east.s3.us-east-1.amazonaws.com/image/actions/image/IMG_MEAL_007.jpg
ART-0872,Diet & Nutrition,Safe Calorie Intake During Breastfeeding,https://havit-prod-us-east.s3.us-east-1.amazonaws.com/image/actions/image/IMG_CAT_DIET.jpg
ART-0880,Diet & Nutrition,The Real Reason Why Only Your Belly Gets Bigger as You Age,https://havit-prod-us-east.s3.us-east-1.amazonaws.com/image/actions/image/IMG_CARB_003.jpg
ART-0897,Diet & Nutrition,Save 50% Calories with Smart Cooking Methods,https://havit-prod-us-east.s3.us-east-1.amazonaws.com/image/actions/image/IMG_FAT_003.jpg
ART-0898,Diet & Nutrition,Crispy without oil! Air fryer healthy cooking recipes,https://havit-prod-us-east.s3.us-east-1.amazonaws.com/image/actions/image/IMG_FAT_003.jpg
ART-0899,Diet & Nutrition,Healthy cooking with steaming and sous vide without nutrient loss,https://havit-prod-us-east.s3.us-east-1.amazonaws.com/image/actions/image/IMG_CARB_003.jpg
ART-0900,Diet & Nutrition,Healthy cooking with grill and oven! Fat-reducing cooking methods,https://havit-prod-us-east.s3.us-east-1.amazonaws.com/image/actions/image/IMG_CARB_003.jpg
ART-0901,Diet & Nutrition,Low-Calorie Sauce Homemade Recipe,https://havit-prod-us-east.s3.us-east-1.amazonaws.com/image/actions/image/IMG_CAT_DIET.jpg
ART-0902,Diet & Nutrition,Cooking tips to increase volume with vegetables,https://havit-prod-us-east.s3.us-east-1.amazonaws.com/image/actions/image/IMG_CAT_DIET.jpg
ART-0903,Diet & Nutrition,Cooking methods that minimize protein loss,https://havit-prod-us-east.s3.us-east-1.amazonaws.com/image/actions/image/IMG_PRO_008.jpg
ART-0904,Diet & Nutrition,Healthy One-Meal Recipes Made in 15 Minutes,https://havit-prod-us-east.s3.us-east-1.amazonaws.com/image/actions/image/IMG_CAT_DIET.jpg
ART-0905,Diet & Nutrition,Maintaining a Healthy Diet in Busy Daily Life with Batch Cooking,https://havit-prod-us-east.s3.us-east-1.amazonaws.com/image/actions/image/IMG_VEG_005.jpg
ART-0906,Diet & Nutrition,Freezer-Friendly Healthy Food Recipes,https://havit-prod-us-east.s3.us-east-1.amazonaws.com/image/actions/image/IMG_CAT_DIET.jpg
ART-0911,Diet & Nutrition,How to Decode Fast Food Restaurant Nutrition Information,https://havit-prod-us-east.s3.us-east-1.amazonaws.com/image/actions/image/IMG_MEAL_007.jpg
ART-0912,Diet & Nutrition,How to Avoid Calorie Bombs at Cafes,https://havit-prod-us-east.s3.us-east-1.amazonaws.com/image/actions/image/IMG_CAT_DIET.jpg
ART-0917,Diet & Nutrition,Protein Powder Types Comparison Guide,https://havit-prod-us-east.s3.us-east-1.amazonaws.com/image/actions/image/IMG_PRO_007.jpg
ART-0918,Diet & Nutrition,Optimal Protein Intake Timing: Scientific Methods to Maximize Muscle Synthesis,https://havit-prod-us-east.s3.us-east-1.amazonaws.com/image/actions/image/IMG_PRO_007.jpg
ART-0919,Diet & Nutrition,Diet Supplement Effectiveness Fact Check: Discovering the Truth Through Scientific Evidence,https://havit-prod-us-east.s3.us-east-1.amazonaws.com/image/actions/image/IMG_CAT_DIET.jpg
ART-0920,Diet & Nutrition,Diet Supplement Side Effects Checklist,https://havit-prod-us-east.s3.us-east-1.amazonaws.com/image/actions/image/IMG_CAT_DIET.jpg
ART-0921,Diet & Nutrition,Do fat burning supplements really work?,https://havit-prod-us-east.s3.us-east-1.amazonaws.com/image/actions/image/IMG_FAT_005.jpg
ART-0922,Diet & Nutrition,Essential Supplement Guide for Dieters,https://havit-prod-us-east.s3.us-east-1.amazonaws.com/image/actions/image/IMG_MEAL_007.jpg
ART-0923,Diet & Nutrition,The Impact of Multivitamins on Diet,https://havit-prod-us-east.s3.us-east-1.amazonaws.com/image/actions/image/IMG_MEAL_007.jpg
ART-0924,Diet & Nutrition,Optimal Timing Guide for Supplement Intake: How to Make the Right Choice,https://havit-prod-us-east.s3.us-east-1.amazonaws.com/image/actions/image/IMG_CARB_003.jpg
ART-0925,Diet & Nutrition,"Creatine vs BCAA, When and What?",https://havit-prod-us-east.s3.us-east-1.amazonaws.com/image/actions/image/IMG_VEG_003.jpg
ART-0926,Diet & Nutrition,The Impact of Probiotics on Weight,https://havit-prod-us-east.s3.us-east-1.amazonaws.com/image/actions/image/IMG_CAT_DIET.jpg
ART-0938,Diet & Nutrition,Progressive Muscle Relaxation Practice Guide for Stress Relief,https://havit-prod-us-east.s3.us-east-1.amazonaws.com/image/actions/image/IMG_CAT_DIET.jpg
ART-0947,Diet & Nutrition,Healthy Menu Guide for Japanese Diet Followers,https://havit-prod-us-east.s3.us-east-1.amazonaws.com/image/actions/image/IMG_CAT_DIET.jpg
ART-0948,Diet & Nutrition,How to Choose Lower-Calorie Chinese Food Options,https://havit-prod-us-east.s3.us-east-1.amazonaws.com/image/actions/image/IMG_FAT_003.jpg
ART-0949,Diet & Nutrition,How to Reduce Carbohydrates in Asian Rice Culture,https://havit-prod-us-east.s3.us-east-1.amazonaws.com/image/actions/image/IMG_CARB_001.jpg
ART-0951,Diet & Nutrition,How to Enjoy Indian Food Healthily,https://havit-prod-us-east.s3.us-east-1.amazonaws.com/image/actions/image/IMG_CAT_DIET.jpg
ART-0953,Diet & Nutrition,How to Enjoy Latin Food in a Healthy Way,https://havit-prod-us-east.s3.us-east-1.amazonaws.com/image/actions/image/IMG_CAT_DIET.jpg
ART-0955,Diet & Nutrition,How to Enjoy Middle Eastern Food Healthily,https://havit-prod-us-east.s3.us-east-1.amazonaws.com/image/actions/image/IMG_CAT_DIET.jpg
ART-0956,Diet & Nutrition,Healthy Fasting Management During Ramadan,https://havit-prod-us-east.s3.us-east-1.amazonaws.com/image/actions/image/IMG_MEAL_006.jpg
ART-0957,Diet & Nutrition,Comprehensive Weight Management Guide for People in Their 20s,https://havit-prod-us-east.s3.us-east-1.amazonaws.com/image/actions/image/IMG_CAT_DIET.jpg
ART-0961,Diet & Nutrition,Complete Guide to Weight Management in Your 30s,https://havit-prod-us-east.s3.us-east-1.amazonaws.com/image/actions/image/IMG_CARB_003.jpg
ART-0973,Diet & Nutrition,Intermittent Fasting: Amazing Changes Happening Inside Your Body,https://havit-prod-us-east.s3.us-east-1.amazonaws.com/image/actions/image/IMG_MEAL_006.jpg
ART-0975,Diet & Nutrition,How to Choose Right for Successful 16:8 Fasting,https://havit-prod-us-east.s3.us-east-1.amazonaws.com/image/actions/image/IMG_MEAL_006.jpg
ART-0977,Diet & Nutrition,5:2 Diet Perfect Start Guide,https://havit-prod-us-east.s3.us-east-1.amazonaws.com/image/actions/image/IMG_CAT_DIET.jpg
ART-0978,Diet & Nutrition,Amazing Changes That Happen in Your Body During Fasting,https://havit-prod-us-east.s3.us-east-1.amazonaws.com/image/actions/image/IMG_MEAL_006.jpg
ART-0979,Diet & Nutrition,Intermittent Fasting Hunger: How to Endure It Scientifically,https://havit-prod-us-east.s3.us-east-1.amazonaws.com/image/actions/image/IMG_VEG_005.jpg
ART-0981,Diet & Nutrition,Your First Meal After Fasting: Eat Like This,https://havit-prod-us-east.s3.us-east-1.amazonaws.com/image/actions/image/IMG_CARB_006.jpg
ART-0982,Diet & Nutrition,What if intermittent fasting doesn't work for me?,https://havit-prod-us-east.s3.us-east-1.amazonaws.com/image/actions/image/IMG_MEAL_006.jpg
ART-0983,Diet & Nutrition,Intermittent Fasting: How to Preserve Muscle Mass,https://havit-prod-us-east.s3.us-east-1.amazonaws.com/image/actions/image/IMG_PRO_008.jpg
ART-0985,Diet & Nutrition,Master Food Labels: The Secret to Healthy Choices,https://havit-prod-us-east.s3.us-east-1.amazonaws.com/image/actions/image/IMG_MEAL_007.jpg
ART-0986,Diet & Nutrition,3-Second Nutrition Label Reading Method,https://havit-prod-us-east.s3.us-east-1.amazonaws.com/image/actions/image/IMG_MEAL_007.jpg
ART-0987,Diet & Nutrition,Avoiding the Serving Size Trap: How to Make Truly Healthy Diet Choices,https://havit-prod-us-east.s3.us-east-1.amazonaws.com/image/actions/image/IMG_CAT_DIET.jpg
ART-0988,Diet & Nutrition,"Hidden Sugar Detection Methods, The Art of Reading Food Labels",https://havit-prod-us-east.s3.us-east-1.amazonaws.com/image/actions/image/IMG_CARB_007.jpg
ART-0989,Diet & Nutrition,Complete Guide to 50 Hidden Names of Sugar,https://havit-prod-us-east.s3.us-east-1.amazonaws.com/image/actions/image/IMG_CARB_007.jpg
ART-0990,Diet & Nutrition,How to read sodium content on food labels without being deceived,https://havit-prod-us-east.s3.us-east-1.amazonaws.com/image/actions/image/IMG_VEG_005.jpg
ART-0991,Diet & Nutrition,The Hidden Truth Behind 0g Trans Fat Labels,https://havit-prod-us-east.s3.us-east-1.amazonaws.com/image/actions/image/IMG_FAT_005.jpg
ART-0992,Diet & Nutrition,Sugar as the first ingredient? The hidden truth,https://havit-prod-us-east.s3.us-east-1.amazonaws.com/image/actions/image/IMG_CAT_DIET.jpg
ART-0993,Diet & Nutrition,Sugar-Free & Low-Fat Trap! Choosing Truly Healthy Fats,https://havit-prod-us-east.s3.us-east-1.amazonaws.com/image/actions/image/IMG_CARB_007.jpg
ART-0994,Diet & Nutrition,Dieters Beware! Hidden Weight-Gaining Ingredients,https://havit-prod-us-east.s3.us-east-1.amazonaws.com/image/actions/image/IMG_CAT_DIET.jpg
ART-0995,Diet & Nutrition,Complete Meat Guide for Dieters,https://havit-prod-us-east.s3.us-east-1.amazonaws.com/image/actions/image/IMG_PRO_004.jpg
ART-0996,Diet & Nutrition,Complete Guide to Calories by Beef Cut,https://havit-prod-us-east.s3.us-east-1.amazonaws.com/image/actions/image/IMG_PRO_004.jpg
ART-0997,Diet & Nutrition,Complete Guide to Calories by Pork Cuts,https://havit-prod-us-east.s3.us-east-1.amazonaws.com/image/actions/image/IMG_PRO_004.jpg
ART-0998,Diet & Nutrition,Complete Guide to Calories by Chicken Parts,https://havit-prod-us-east.s3.us-east-1.amazonaws.com/image/actions/image/IMG_PRO_001.jpg
ART-0999,Diet & Nutrition,Complete Seafood Guide for Dieters,https://havit-prod-us-east.s3.us-east-1.amazonaws.com/image/actions/image/IMG_PRO_003.jpg
ART-1000,Diet & Nutrition,Complete Guide to Low-Calorie High-Protein Seafood,https://havit-prod-us-east.s3.us-east-1.amazonaws.com/image/actions/image/IMG_PRO_003.jpg
ART-1001,Diet & Nutrition,Maximize Omega-3! Smart Fish Selection Guide,https://havit-prod-us-east.s3.us-east-1.amazonaws.com/image/actions/image/IMG_PRO_003.jpg
ART-1002,Diet & Nutrition,Complete Guide to Dairy Products for Dieters,https://havit-prod-us-east.s3.us-east-1.amazonaws.com/image/actions/image/IMG_PRO_004.jpg
ART-1003,Diet & Nutrition,3 Criteria for Choosing Greek Yogurt Properly,https://havit-prod-us-east.s3.us-east-1.amazonaws.com/image/actions/image/IMG_PRO_006.jpg
ART-1004,Diet & Nutrition,Complete Guide to Cheese Calorie Rankings! Healthy Selection Tips,https://havit-prod-us-east.s3.us-east-1.amazonaws.com/image/actions/image/IMG_PRO_006.jpg
ART-1005,Diet & Nutrition,Complete Guide to Grains for Dieters,https://havit-prod-us-east.s3.us-east-1.amazonaws.com/image/actions/image/IMG_CARB_006.jpg
ART-1006,Diet & Nutrition,5 Healthy Carbohydrates That Stabilize Blood Sugar,https://havit-prod-us-east.s3.us-east-1.amazonaws.com/image/actions/image/IMG_CARB_008.jpg
ART-1007,Diet & Nutrition,Brown Rice vs Oats vs Quinoa: The Right Healthy Grain for Me,https://havit-prod-us-east.s3.us-east-1.amazonaws.com/image/actions/image/IMG_CARB_001.jpg
ART-1008,Diet & Nutrition,Complete Vegetable Guide for Dieters,https://havit-prod-us-east.s3.us-east-1.amazonaws.com/image/actions/image/IMG_MEAL_007.jpg
ART-1009,Diet & Nutrition,TOP 10 Vegetables with Low Calories and High Satiety,https://havit-prod-us-east.s3.us-east-1.amazonaws.com/image/actions/image/IMG_VEG_003.jpg
ART-1010,Diet & Nutrition,Top 7 High-Protein Vegetables! Plant-Based Power That Protects Your Muscles,https://havit-prod-us-east.s3.us-east-1.amazonaws.com/image/actions/image/IMG_PRO_008.jpg
ART-1011,Diet & Nutrition,Complete Fruit Guide for Dieters,https://havit-prod-us-east.s3.us-east-1.amazonaws.com/image/actions/image/IMG_PRO_004.jpg
ART-1012,Diet & Nutrition,Low-sugar vs High-sugar Fruits: Blood Sugar Management Differences,https://havit-prod-us-east.s3.us-east-1.amazonaws.com/image/actions/image/IMG_CARB_007.jpg
ART-1013,Diet & Nutrition,The Golden Time for Fruit Consumption: When and How Much?,https://havit-prod-us-east.s3.us-east-1.amazonaws.com/image/actions/image/IMG_VEG_005.jpg
ART-1014,Diet & Nutrition,Complete Guide to Nuts for Dieters,https://havit-prod-us-east.s3.us-east-1.amazonaws.com/image/actions/image/IMG_CARB_003.jpg
ART-1015,Diet & Nutrition,Calorie Differences Between Nuts and Daily Recommended Intake,https://havit-prod-us-east.s3.us-east-1.amazonaws.com/image/actions/image/IMG_CARB_003.jpg
ART-1016,Diet & Nutrition,Complete Guide to Legumes for Dieters,https://havit-prod-us-east.s3.us-east-1.amazonaws.com/image/actions/image/IMG_PRO_005.jpg
ART-1017,Diet & Nutrition,Tofu vs Tempeh vs Natto: Fermented Soy Nutrition Showdown,https://havit-prod-us-east.s3.us-east-1.amazonaws.com/image/actions/image/IMG_PRO_005.jpg
ART-1024,Diet & Nutrition,Complete Running Guide for Dieters,https://havit-prod-us-east.s3.us-east-1.amazonaws.com/image/actions/image/IMG_CARB_003.jpg
ART-1028,Diet & Nutrition,Double Your Calorie Burn with Power Walking,https://havit-prod-us-east.s3.us-east-1.amazonaws.com/image/actions/image/IMG_CAT_DIET.jpg
ART-1029,Diet & Nutrition,Complete Cycling Guide for Dieters,https://havit-prod-us-east.s3.us-east-1.amazonaws.com/image/actions/image/IMG_CAT_DIET.jpg
ART-1051,Diet & Nutrition,Stay Healthy Even While Camping & Glamping! Outdoor Meal Guide,https://havit-prod-us-east.s3.us-east-1.amazonaws.com/image/actions/image/IMG_CARB_003.jpg
ART-1054,Diet & Nutrition,How to Enjoy Birthday Cake Without Guilt,https://havit-prod-us-east.s3.us-east-1.amazonaws.com/image/actions/image/IMG_CARB_003.jpg
ART-1055,Diet & Nutrition,How to Enjoy the Holiday Season Without Weight Gain,https://havit-prod-us-east.s3.us-east-1.amazonaws.com/image/actions/image/IMG_CARB_003.jpg
ART-1081,Diet & Nutrition,The Hidden Truth About How Stress Creates Belly Fat,https://havit-prod-us-east.s3.us-east-1.amazonaws.com/image/actions/image/IMG_FAT_005.jpg
ART-1083,Diet & Nutrition,Triple Your Calorie Burn by Activating Brown Fat,https://havit-prod-us-east.s3.us-east-1.amazonaws.com/image/actions/image/IMG_FAT_005.jpg
ART-1087,Diet & Nutrition,Food Weight vs Body Weight: Healthy Management with Hydration,https://havit-prod-us-east.s3.us-east-1.amazonaws.com/image/actions/image/IMG_VEG_003.jpg
ART-1095,Diet & Nutrition,Do late-night snacks really make you gain more weight?,https://havit-prod-us-east.s3.us-east-1.amazonaws.com/image/actions/image/IMG_CARB_003.jpg
ART-1097,Diet & Nutrition,Carbohydrates = Fattening Food? What's the Truth?,https://havit-prod-us-east.s3.us-east-1.amazonaws.com/image/actions/image/IMG_CARB_008.jpg
ART-1098,Diet & Nutrition,Does eating fat make you gain weight? The truth about healthy fats,https://havit-prod-us-east.s3.us-east-1.amazonaws.com/image/actions/image/IMG_CARB_003.jpg
ART-1099,Diet & Nutrition,Does muscle turn into fat? The truth about stopping exercise,https://havit-prod-us-east.s3.us-east-1.amazonaws.com/image/actions/image/IMG_FAT_005.jpg
ART-1100,Diet & Nutrition,The Truth About Fat-Burning Foods,https://havit-prod-us-east.s3.us-east-1.amazonaws.com/image/actions/image/IMG_FAT_005.jpg
ART-1124,Diet & Nutrition,Complete Ketogenic Diet Guide: How to Make the Right Choices,https://havit-prod-us-east.s3.us-east-1.amazonaws.com/image/actions/image/IMG_CARB_008.jpg
ART-1125,Diet & Nutrition,What if the keto diet isn't right for me?,https://havit-prod-us-east.s3.us-east-1.amazonaws.com/image/actions/image/IMG_CAT_DIET.jpg
ART-1126,Diet & Nutrition,Complete Guide to Low-Carb Diet,https://havit-prod-us-east.s3.us-east-1.amazonaws.com/image/actions/image/IMG_CARB_008.jpg
ART-1127,Diet & Nutrition,"Low-carb high-fat vs Low-carb high-protein, which is the right choice for me?",https://havit-prod-us-east.s3.us-east-1.amazonaws.com/image/actions/image/IMG_CAT_DIET.jpg
ART-1128,Diet & Nutrition,Complete Vegan Dieter Guide: Healthy Choice Methods,https://havit-prod-us-east.s3.us-east-1.amazonaws.com/image/actions/image/IMG_MEAL_007.jpg
ART-1129,Diet & Nutrition,Vegans Build Muscle Too! Complete Protein Combination Methods,https://havit-prod-us-east.s3.us-east-1.amazonaws.com/image/actions/image/IMG_PRO_008.jpg
ART-1130,Diet & Nutrition,Nutritional Balance Guide for Vegetarian Dieters,https://havit-prod-us-east.s3.us-east-1.amazonaws.com/image/actions/image/IMG_PRO_008.jpg
ART-1131,Diet & Nutrition,Complete Guide to the Mediterranean Diet,https://havit-prod-us-east.s3.us-east-1.amazonaws.com/image/actions/image/IMG_PRO_003.jpg
ART-1132,Diet & Nutrition,Easy Ways to Start a Mediterranean Diet in Korea,https://havit-prod-us-east.s3.us-east-1.amazonaws.com/image/actions/image/IMG_CAT_DIET.jpg
ART-1133,Diet & Nutrition,30 Healthy Snacks Under 100kcal,https://havit-prod-us-east.s3.us-east-1.amazonaws.com/image/actions/image/IMG_VEG_003.jpg
ART-1134,Diet & Nutrition,Get Full on 200kcal! Smart Snack Selection Tips,https://havit-prod-us-east.s3.us-east-1.amazonaws.com/image/actions/image/IMG_MEAL_004.jpg
ART-1135,Diet & Nutrition,Smart snacking methods to stabilize blood sugar when craving sweets,https://havit-prod-us-east.s3.us-east-1.amazonaws.com/image/actions/image/IMG_CAT_DIET.jpg
ART-1136,Diet & Nutrition,How to Satisfy Salt Cravings in a Healthy Way,https://havit-prod-us-east.s3.us-east-1.amazonaws.com/image/actions/image/IMG_CARB_003.jpg
ART-1137,Diet & Nutrition,Muscle UP! Satiety UP! Top 7 High-Protein Snacks,https://havit-prod-us-east.s3.us-east-1.amazonaws.com/image/actions/image/IMG_PRO_008.jpg
ART-1138,Diet & Nutrition,Perfect Overeating Prevention with Snack Pre-Packaging,https://havit-prod-us-east.s3.us-east-1.amazonaws.com/image/actions/image/IMG_MEAL_004.jpg
ART-1139,Diet & Nutrition,Instead of Ice Cream! 5 Sweet Healthy Snacks,https://havit-prod-us-east.s3.us-east-1.amazonaws.com/image/actions/image/IMG_CAT_DIET.jpg
ART-1140,Diet & Nutrition,Hard to quit snacks? 7 crunchy healthy snacks,https://havit-prod-us-east.s3.us-east-1.amazonaws.com/image/actions/image/IMG_MEAL_004.jpg
ART-1141,Diet & Nutrition,Instead of Chocolate! 5 Healthy Sweet Alternatives,https://havit-prod-us-east.s3.us-east-1.amazonaws.com/image/actions/image/IMG_CARB_006.jpg
ART-1142,Diet & Nutrition,How to Choose Energy-Boosting Snacks at 3 PM,https://havit-prod-us-east.s3.us-east-1.amazonaws.com/image/actions/image/IMG_CARB_006.jpg
ART-1145,Diet & Nutrition,Who knew water could taste this good! 10 amazing tips,https://havit-prod-us-east.s3.us-east-1.amazonaws.com/image/actions/image/IMG_CAT_DIET.jpg
ART-1147,Diet & Nutrition,The Weight Impact of Artificial Sweeteners: Scientific Truth,https://havit-prod-us-east.s3.us-east-1.amazonaws.com/image/actions/image/IMG_CAT_DIET.jpg
ART-1150,Diet & Nutrition,Why Smoothies Cause Weight Gain and How to Make Them Healthy,https://havit-prod-us-east.s3.us-east-1.amazonaws.com/image/actions/image/IMG_CARB_006.jpg
ART-1169,Diet & Nutrition,Double Your Workout Results! How to Set Rest Periods,https://havit-prod-us-east.s3.us-east-1.amazonaws.com/image/actions/image/IMG_CAT_DIET.jpg
ART-1179,Diet & Nutrition,Complete Guide to Foam Roller Self-Massage,https://havit-prod-us-east.s3.us-east-1.amazonaws.com/image/actions/image/IMG_CAT_DIET.jpg
ART-1191,Diet & Nutrition,Dealing with Exercise Injuries Using the RICE First Aid Method,https://havit-prod-us-east.s3.us-east-1.amazonaws.com/image/actions/image/IMG_CARB_003.jpg
ART-1195,Diet & Nutrition,Why 5 Minutes Before Grocery Shopping Determines Diet Success,https://havit-prod-us-east.s3.us-east-1.amazonaws.com/image/actions/image/IMG_CARB_003.jpg
ART-1196,Diet & Nutrition,Complete Guide to Healthy Choices by Grocery Store Section,https://havit-prod-us-east.s3.us-east-1.amazonaws.com/image/actions/image/IMG_CAT_DIET.jpg
ART-1197,Diet & Nutrition,Scientific Reasons Why You Shouldn't Grocery Shop When Hungry,https://havit-prod-us-east.s3.us-east-1.amazonaws.com/image/actions/image/IMG_CARB_003.jpg
ART-1198,Diet & Nutrition,Complete a healthy diet with a grocery shopping list,https://havit-prod-us-east.s3.us-east-1.amazonaws.com/image/actions/image/IMG_CAT_DIET.jpg
ART-1199,Diet & Nutrition,How to Choose Frozen Foods Healthily,https://havit-prod-us-east.s3.us-east-1.amazonaws.com/image/actions/image/IMG_CARB_003.jpg
ART-1200,Diet & Nutrition,Smart Ways to Get Nutrition from Canned Foods,https://havit-prod-us-east.s3.us-east-1.amazonaws.com/image/actions/image/IMG_CARB_003.jpg
ART-1201,Diet & Nutrition,Complete Guide to Budget-Friendly Healthy Grocery Shopping,https://havit-prod-us-east.s3.us-east-1.amazonaws.com/image/actions/image/IMG_CAT_DIET.jpg
ART-1202,Diet & Nutrition,Complete a healthy diet with weekly grocery shopping plan,https://havit-prod-us-east.s3.us-east-1.amazonaws.com/image/actions/image/IMG_CARB_003.jpg
ART-1203,Diet & Nutrition,Dieter's Must-Have! 7 Kitchen Tools,https://havit-prod-us-east.s3.us-east-1.amazonaws.com/image/actions/image/IMG_MEAL_007.jpg
ART-1207,Diet & Nutrition,The First Step to Meal Prep Success: Complete Guide to Container Selection,https://havit-prod-us-east.s3.us-east-1.amazonaws.com/image/actions/image/IMG_CAT_DIET.jpg
ART-1208,Diet & Nutrition,Freezer Storage Method That Triples Food Freshness,https://havit-prod-us-east.s3.us-east-1.amazonaws.com/image/actions/image/IMG_MEAL_007.jpg
ART-1210,Diet & Nutrition,Healthy Diet vs Eating Disorder Boundary,https://havit-prod-us-east.s3.us-east-1.amazonaws.com/image/actions/image/IMG_CAT_DIET.jpg
ART-1211,Diet & Nutrition,Eating Disorder Warning Signs Checklist,https://havit-prod-us-east.s3.us-east-1.amazonaws.com/image/actions/image/IMG_CAT_DIET.jpg
ART-1212,Diet & Nutrition,Building a Healthy Relationship with Food: Mindful Eating,https://havit-prod-us-east.s3.us-east-1.amazonaws.com/image/actions/image/IMG_CAT_DIET.jpg
ART-1213,Diet & Nutrition,Signs That Indicate Need for Professional Help with Eating Disorders,https://havit-prod-us-east.s3.us-east-1.amazonaws.com/image/actions/image/IMG_CAT_DIET.jpg
ART-1214,Diet & Nutrition,Breaking Free from Diet Obsession: The True Meaning of a Healthy Diet,https://havit-prod-us-east.s3.us-east-1.amazonaws.com/image/actions/image/IMG_CAT_DIET.jpg
ART-1215,Diet & Nutrition,5 Ways to Get Healthy Without a Scale,https://havit-prod-us-east.s3.us-east-1.amazonaws.com/image/actions/image/IMG_CAT_DIET.jpg
ART-1217,Diet & Nutrition,5 Stomach-Friendly Foods That Relieve Nausea,https://havit-prod-us-east.s3.us-east-1.amazonaws.com/image/actions/image/IMG_CAT_DIET.jpg
ART-1221,Diet & Nutrition,3 Steps to Increase Nutrient Density When You Have No Appetite,https://havit-prod-us-east.s3.us-east-1.amazonaws.com/image/actions/image/IMG_MEAL_007.jpg
ART-1224,Diet & Nutrition,Everything About Body Fat Percentage! Building a Healthy Body,https://havit-prod-us-east.s3.us-east-1.amazonaws.com/image/actions/image/IMG_VEG_003.jpg
ART-1226,Diet & Nutrition,Visceral Fat vs Subcutaneous Fat: Health Risk Comparison,https://havit-prod-us-east.s3.us-east-1.amazonaws.com/image/actions/image/IMG_FAT_005.jpg
ART-1231,Diet & Nutrition,Prevent Overeating and Build Healthy Eating Habits with Diaphragmatic Breathing,https://havit-prod-us-east.s3.us-east-1.amazonaws.com/image/actions/image/IMG_CAT_DIET.jpg
ART-1260,Diet & Nutrition,Scientific Principles and Practical Methods of Calorie Deficit,https://havit-prod-us-east.s3.us-east-1.amazonaws.com/image/actions/image/IMG_VEG_003.jpg
ART-1261,Diet & Nutrition,The Key to Healthy Dieting: How to Set an Appropriate Calorie Deficit,https://havit-prod-us-east.s3.us-east-1.amazonaws.com/image/actions/image/IMG_VEG_003.jpg
ART-1262,Diet & Nutrition,Extreme Calorie Restriction: Why It Actually Prevents Weight Loss,https://havit-prod-us-east.s3.us-east-1.amazonaws.com/image/actions/image/IMG_VEG_003.jpg
ART-1263,Diet & Nutrition,How to naturally reduce calories without counting,https://havit-prod-us-east.s3.us-east-1.amazonaws.com/image/actions/image/IMG_CAT_DIET.jpg
ART-1264,Diet & Nutrition,The Trap of Calorie Counting and How to Smartly Avoid It,https://havit-prod-us-east.s3.us-east-1.amazonaws.com/image/actions/image/IMG_CAT_DIET.jpg
ART-1265,Diet & Nutrition,Natural Weight Management Through Intuitive Eating,https://havit-prod-us-east.s3.us-east-1.amazonaws.com/image/actions/image/IMG_VEG_005.jpg
ART-1266,Diet & Nutrition,"Refeed Day, the Hidden Key to Diet Success",https://havit-prod-us-east.s3.us-east-1.amazonaws.com/image/actions/image/IMG_CAT_DIET.jpg
ART-1267,Diet & Nutrition,How to Lose Weight Without Yo-Yo Effect Through Diet Breaks,https://havit-prod-us-east.s3.us-east-1.amazonaws.com/image/actions/image/IMG_CAT_DIET.jpg
ART-1268,Diet & Nutrition,Building a Healthy Body with Macronutrient Balance,https://havit-prod-us-east.s3.us-east-1.amazonaws.com/image/actions/image/IMG_MEAL_007.jpg
ART-1270,Diet & Nutrition,Your body changes with the golden ratio of the 3 major nutrients,https://havit-prod-us-east.s3.us-east-1.amazonaws.com/image/actions/image/IMG_PRO_008.jpg
ART-1271,Diet & Nutrition,Smart Ways to Overcome Carb Phobia,https://havit-prod-us-east.s3.us-east-1.amazonaws.com/image/actions/image/IMG_CARB_003.jpg
ART-1272,Diet & Nutrition,Why You Should Eat Enough Healthy Fats,https://havit-prod-us-east.s3.us-east-1.amazonaws.com/image/actions/image/IMG_CARB_003.jpg
ART-1273,Diet & Nutrition,Maximize muscle growth with complete proteins containing essential amino acids,https://havit-prod-us-east.s3.us-east-1.amazonaws.com/image/actions/image/IMG_PRO_008.jpg
ART-1274,Diet & Nutrition,Creating Complete Proteins in Vegetarian Diet: Essential Amino Acid Combination Methods,https://havit-prod-us-east.s3.us-east-1.amazonaws.com/image/actions/image/IMG_PRO_005.jpg
ART-1276,Diet & Nutrition,Water During Meals: The Hidden Truth That Hinders Digestion,https://havit-prod-us-east.s3.us-east-1.amazonaws.com/image/actions/image/IMG_CAT_DIET.jpg
ART-1278,Diet & Nutrition,The Science of Three Meals a Day: Why Regular Eating is Essential,https://havit-prod-us-east.s3.us-east-1.amazonaws.com/image/actions/image/IMG_CAT_DIET.jpg
ART-1279,Diet & Nutrition,The Magic of 5 Lettuce Wraps: A New Standard for Portion Control,https://havit-prod-us-east.s3.us-east-1.amazonaws.com/image/actions/image/IMG_MEAL_007.jpg
ART-1282,Diet & Nutrition,The Truth Hidden by Scale Numbers,https://havit-prod-us-east.s3.us-east-1.amazonaws.com/image/actions/image/IMG_CAT_DIET.jpg
ART-1283,Diet & Nutrition,Should we unconditionally reduce salt intake,https://havit-prod-us-east.s3.us-east-1.amazonaws.com/image/actions/image/IMG_VEG_003.jpg
ART-1286,Diet & Nutrition,Protein Intake Strategy for Healthy Weight Gain,https://havit-prod-us-east.s3.us-east-1.amazonaws.com/image/actions/image/IMG_PRO_008.jpg
ART-1288,Diet & Nutrition,Escape Skinny Fat! Healthy Fats Melt Away Belly Fat,https://havit-prod-us-east.s3.us-east-1.amazonaws.com/image/actions/image/IMG_CARB_003.jpg
ART-1289,Diet & Nutrition,Blood sugar control is key to reducing visceral fat,https://havit-prod-us-east.s3.us-east-1.amazonaws.com/image/actions/image/IMG_CARB_003.jpg
ART-1304,Diet & Nutrition,The Secret of 2.1 Days: The Time Fat Cells Remember,https://havit-prod-us-east.s3.us-east-1.amazonaws.com/image/actions/image/IMG_FAT_005.jpg
ART-1309,Diet & Nutrition,Diet Success Habits Created by a Sense of Achievement,https://havit-prod-us-east.s3.us-east-1.amazonaws.com/image/actions/image/IMG_CAT_DIET.jpg
ART-1315,Diet & Nutrition,The Hidden Reason Why Nutrient Deficiency Prevents Weight Loss,https://havit-prod-us-east.s3.us-east-1.amazonaws.com/image/actions/image/IMG_PRO_008.jpg
ART-1316,Diet & Nutrition,Why visceral fat is more dangerous than subcutaneous fat,https://havit-prod-us-east.s3.us-east-1.amazonaws.com/image/actions/image/IMG_FAT_005.jpg
ART-1319,Diet & Nutrition,Finding foods that perfectly match my body type,https://havit-prod-us-east.s3.us-east-1.amazonaws.com/image/actions/image/IMG_CAT_DIET.jpg
ART-1324,Diet & Nutrition,The Secret of an Alkaline Diet That Awakens Your Body,https://havit-prod-us-east.s3.us-east-1.amazonaws.com/image/actions/image/IMG_CAT_DIET.jpg
ART-1330,Diet & Nutrition,Complete Guide to Half-Body Baths for Improving Blood Circulation,https://havit-prod-us-east.s3.us-east-1.amazonaws.com/image/actions/image/IMG_CAT_DIET.jpg
ART-1331,Diet & Nutrition,Does Cold Water Stop Fat Burning? The Truth About Healthy Fats,https://havit-prod-us-east.s3.us-east-1.amazonaws.com/image/actions/image/IMG_FAT_005.jpg
ART-1338,Diet & Nutrition,The Truth About White Flour and Sugar: How to Switch to Healthy Alternatives,https://havit-prod-us-east.s3.us-east-1.amazonaws.com/image/actions/image/IMG_CARB_007.jpg
ART-1339,Diet & Nutrition,Food Label Decoding: Healthy Choice Guide,https://havit-prod-us-east.s3.us-east-1.amazonaws.com/image/actions/image/IMG_CAT_DIET.jpg
ART-1340,Diet & Nutrition,Cut Calories in Half! 5 Smart Cooking Tips,https://havit-prod-us-east.s3.us-east-1.amazonaws.com/image/actions/image/IMG_CAT_DIET.jpg
ART-1351,Diet & Nutrition,The Real Reason Why Eating Salty Food Prevents Weight Loss,https://havit-prod-us-east.s3.us-east-1.amazonaws.com/image/actions/image/IMG_CARB_003.jpg
ART-1364,Diet & Nutrition,No protein bias! Variety is the answer,https://havit-prod-us-east.s3.us-east-1.amazonaws.com/image/actions/image/IMG_PRO_008.jpg
ART-1365,Diet & Nutrition,The Magic of Reverse Eating: The Order That Prevents Blood Sugar Spikes,https://havit-prod-us-east.s3.us-east-1.amazonaws.com/image/actions/image/IMG_CARB_006.jpg
ART-1366,Diet & Nutrition,Why drinking water on an empty stomach helps with intermittent fasting,https://havit-prod-us-east.s3.us-east-1.amazonaws.com/image/actions/image/IMG_MEAL_006.jpg
ART-1377,Diet & Nutrition,The Amazing Science of How Eating Less Makes You Lose Weight Faster,https://havit-prod-us-east.s3.us-east-1.amazonaws.com/image/actions/image/IMG_CAT_DIET.jpg
ART-1381,Diet & Nutrition,Hidden Health Signals Revealed by Food Diary,https://havit-prod-us-east.s3.us-east-1.amazonaws.com/image/actions/image/IMG_CAT_DIET.jpg
ART-1386,Diet & Nutrition,The Scientific Secret of Bodies That Don't Gain Weight Despite Eating,https://havit-prod-us-east.s3.us-east-1.amazonaws.com/image/actions/image/IMG_CAT_DIET.jpg
ART-1394,Diet & Nutrition,Boost Digestion! 5 Smart Eating Methods,https://havit-prod-us-east.s3.us-east-1.amazonaws.com/image/actions/image/IMG_CAT_DIET.jpg
ART-1395,Diet & Nutrition,Delicious even without salt! Low-sodium cooking secrets,https://havit-prod-us-east.s3.us-east-1.amazonaws.com/image/actions/image/IMG_CARB_003.jpg
ART-1396,Diet & Nutrition,Measure proper meal portions with your palm,https://havit-prod-us-east.s3.us-east-1.amazonaws.com/image/actions/image/IMG_CAT_DIET.jpg
ART-1397,Diet & Nutrition,Personalized Hydration by Body Type,https://havit-prod-us-east.s3.us-east-1.amazonaws.com/image/actions/image/IMG_MEAL_007.jpg
ART-1403,Diet & Nutrition,Achieve 130% Success Rate with 8 Healthy Eating Habits,https://havit-prod-us-east.s3.us-east-1.amazonaws.com/image/actions/image/IMG_CAT_DIET.jpg
ART-1405,Diet & Nutrition,Why Your Body Changes Just by Cutting Out Late-Night Snacks,https://havit-prod-us-east.s3.us-east-1.amazonaws.com/image/actions/image/IMG_MEAL_005.jpg
ART-1408,Diet & Nutrition,Muscle Burns Calories: Key Strategies to Boost Your Basal Metabolic Rate,https://havit-prod-us-east.s3.us-east-1.amazonaws.com/image/actions/image/IMG_CAT_DIET.jpg
ART-1409,Diet & Nutrition,5 Scientific Ways to Overcome Snack Temptations,https://havit-prod-us-east.s3.us-east-1.amazonaws.com/image/actions/image/IMG_MEAL_004.jpg
ART-1410,Diet & Nutrition,The Secret to Balancing the 5 Essential Nutrients: How to Complete a Healthy Diet,https://havit-prod-us-east.s3.us-east-1.amazonaws.com/image/actions/image/IMG_MEAL_007.jpg
ART-1411,Diet & Nutrition,The Real Diet Secret More Important Than Calorie Counting,https://havit-prod-us-east.s3.us-east-1.amazonaws.com/image/actions/image/IMG_CAT_DIET.jpg
ART-1413,Diet & Nutrition,How to break the misconception that low-sodium food is tasteless,https://havit-prod-us-east.s3.us-east-1.amazonaws.com/image/actions/image/IMG_CARB_003.jpg
ART-1414,Diet & Nutrition,The Secret of Meal Timing More Important Than Calories,https://havit-prod-us-east.s3.us-east-1.amazonaws.com/image/actions/image/IMG_CAT_DIET.jpg
ART-1415,Diet & Nutrition,The paradoxical truth that drinking water reduces swelling,https://havit-prod-us-east.s3.us-east-1.amazonaws.com/image/actions/image/IMG_CAT_DIET.jpg
ART-1418,Diet & Nutrition,Smart Cooking Methods to Cut Calories in Half,https://havit-prod-us-east.s3.us-east-1.amazonaws.com/image/actions/image/IMG_CAT_DIET.jpg
ART-1420,Diet & Nutrition,The Impact of Blood Circulation on Body Fat Burning,https://havit-prod-us-east.s3.us-east-1.amazonaws.com/image/actions/image/IMG_CARB_003.jpg
ART-0176,Exercise & Activity,When is the safest time to exercise during fasting,https://havit-prod-us-east.s3.us-east-1.amazonaws.com/image/articles/art_0176.jpg
ART-0216,Exercise & Activity,How to burn an extra 300kcal per day just by climbing stairs,https://havit-prod-us-east.s3.us-east-1.amazonaws.com/image/actions/image/IMG_NEAT_002.jpg
ART-0218,Exercise & Activity,Small habits that turn your commute into exercise time,https://havit-prod-us-east.s3.us-east-1.amazonaws.com/image/actions/image/IMG_STR_006.jpg
ART-0219,Exercise & Activity,Household chores are exercise too - the hidden calorie burn of domestic work,https://havit-prod-us-east.s3.us-east-1.amazonaws.com/image/actions/image/IMG_NEAT_003.jpg
ART-0221,Exercise & Activity,"Why 10,000 Steps Daily Matters and How to Achieve It",https://havit-prod-us-east.s3.us-east-1.amazonaws.com/image/actions/image/IMG_NEAT_001.jpg
ART-0222,Exercise & Activity,Simple stretching using sitting time,https://havit-prod-us-east.s3.us-east-1.amazonaws.com/image/actions/image/IMG_FLEX_003.jpg
ART-0223,Exercise & Activity,Minimum activity level to maintain even on busy days,https://havit-prod-us-east.s3.us-east-1.amazonaws.com/image/actions/image/IMG_CAT_EX.jpg
ART-0225,Exercise & Activity,When walking is better than running for body fat reduction,https://havit-prod-us-east.s3.us-east-1.amazonaws.com/image/actions/image/IMG_CARDIO_001.jpg
ART-0226,Exercise & Activity,The Secret of Daily Activities More Important Than Exercise,https://havit-prod-us-east.s3.us-east-1.amazonaws.com/image/actions/image/IMG_NEAT_003.jpg
ART-0227,Exercise & Activity,Amazing Changes That Happen When You Reduce Sitting Time,https://havit-prod-us-east.s3.us-east-1.amazonaws.com/image/actions/image/IMG_CAT_EX.jpg
ART-0228,Exercise & Activity,The Scientific Principles of How Daily Movement Doubles Exercise Benefits,https://havit-prod-us-east.s3.us-east-1.amazonaws.com/image/actions/image/IMG_NEAT_002.jpg
ART-0229,Exercise & Activity,Easy Ways to Increase Daily Activity Through Environmental Setup,https://havit-prod-us-east.s3.us-east-1.amazonaws.com/image/actions/image/IMG_CAT_EX.jpg
ART-0230,Exercise & Activity,5-Minute Indoor Recovery Method for Days with Insufficient Steps,https://havit-prod-us-east.s3.us-east-1.amazonaws.com/image/actions/image/IMG_NEAT_001.jpg
ART-0231,Exercise & Activity,Hidden Changes in Our Body on Days with Little Movement,https://havit-prod-us-east.s3.us-east-1.amazonaws.com/image/actions/image/IMG_CAT_EX.jpg
ART-0233,Exercise & Activity,How to start when exercise goals feel overwhelming,https://havit-prod-us-east.s3.us-east-1.amazonaws.com/image/actions/image/IMG_NEAT_001.jpg
ART-0235,Exercise & Activity,Hidden Patterns of People Who Don't Increase Their Activity Levels,https://havit-prod-us-east.s3.us-east-1.amazonaws.com/image/actions/image/IMG_CAT_EX.jpg
ART-0236,Exercise & Activity,Complete 30-Day Guide for Exercise Beginners,https://havit-prod-us-east.s3.us-east-1.amazonaws.com/image/actions/image/IMG_CAT_EX.jpg
ART-0237,Exercise & Activity,Cardio vs Anaerobic: Comparing Body Fat Loss Effects,https://havit-prod-us-east.s3.us-east-1.amazonaws.com/image/actions/image/IMG_CARDIO_006.jpg
ART-0238,Exercise & Activity,The Hidden Principle of How Strength Training Burns Body Fat,https://havit-prod-us-east.s3.us-east-1.amazonaws.com/image/actions/image/IMG_CAT_EX.jpg
ART-0239,Exercise & Activity,When is the best time to eat before exercise,https://havit-prod-us-east.s3.us-east-1.amazonaws.com/image/actions/image/IMG_CAT_EX.jpg
ART-0240,Exercise & Activity,The Truth About Post-Workout Protein Golden Time,https://havit-prod-us-east.s3.us-east-1.amazonaws.com/image/actions/image/IMG_FLEX_003.jpg
ART-0241,Exercise & Activity,Is Fasted Cardio Really More Effective for Fat Burning,https://havit-prod-us-east.s3.us-east-1.amazonaws.com/image/actions/image/IMG_CARDIO_006.jpg
ART-0242,Exercise & Activity,Why you lose weight just by breathing when you build muscle,https://havit-prod-us-east.s3.us-east-1.amazonaws.com/image/actions/image/IMG_CAT_EX.jpg
ART-0243,Exercise & Activity,15-Minute High-Intensity Interval Training for Busy Modern People,https://havit-prod-us-east.s3.us-east-1.amazonaws.com/image/actions/image/IMG_CARDIO_006.jpg
ART-0244,Exercise & Activity,EPOC Effect: Calories Continue Burning After Exercise,https://havit-prod-us-east.s3.us-east-1.amazonaws.com/image/actions/image/IMG_CAT_EX.jpg
ART-0245,Exercise & Activity,Body Fat Reduction: The Correct Order of Cardio and Strength Training,https://havit-prod-us-east.s3.us-east-1.amazonaws.com/image/actions/image/IMG_CARDIO_006.jpg
ART-0246,Exercise & Activity,Why Low-Intensity Aerobic Exercise is More Effective for Fat Burning,https://havit-prod-us-east.s3.us-east-1.amazonaws.com/image/actions/image/IMG_CARDIO_006.jpg
ART-0247,Exercise & Activity,Exercise Beginners: Why Strength Increases Even Without Weight Changes,https://havit-prod-us-east.s3.us-east-1.amazonaws.com/image/actions/image/IMG_CAT_EX.jpg
ART-0248,Exercise & Activity,How to Calculate Heart Rate to Find the Perfect Exercise Intensity for You,https://havit-prod-us-east.s3.us-east-1.amazonaws.com/image/actions/image/IMG_CAT_EX.jpg
ART-0249,Exercise & Activity,Why Too Much Exercise Can Be Harmful,https://havit-prod-us-east.s3.us-east-1.amazonaws.com/image/actions/image/IMG_CAT_EX.jpg
ART-0250,Exercise & Activity,Why a 5-minute warm-up increases main workout calorie burn by 30%,https://havit-prod-us-east.s3.us-east-1.amazonaws.com/image/actions/image/IMG_CAT_EX.jpg
ART-0251,Exercise & Activity,First Steps in Weight Training: Starting Systematically,https://havit-prod-us-east.s3.us-east-1.amazonaws.com/image/actions/image/IMG_STR_001.jpg
ART-0253,Exercise & Activity,Step-by-step strength training routines from beginner to advanced,https://havit-prod-us-east.s3.us-east-1.amazonaws.com/image/actions/image/IMG_CAT_EX.jpg
ART-0254,Exercise & Activity,The Key to Muscle Growth: Progressive Overload,https://havit-prod-us-east.s3.us-east-1.amazonaws.com/image/actions/image/IMG_CAT_EX.jpg
ART-0255,Exercise & Activity,Bodyweight Strength Training to Start at Home,https://havit-prod-us-east.s3.us-east-1.amazonaws.com/image/actions/image/IMG_STR_005.jpg
ART-0256,Exercise & Activity,The Scientific Reasons Why Exercise Logging Accelerates Muscle Growth,https://havit-prod-us-east.s3.us-east-1.amazonaws.com/image/actions/image/IMG_CAT_EX.jpg
ART-0257,Exercise & Activity,The Hidden Principle of How Strength Training Burns Body Fat,https://havit-prod-us-east.s3.us-east-1.amazonaws.com/image/actions/image/IMG_CAT_EX.jpg
ART-0258,Exercise & Activity,How to Find the Right Cardio Intensity for You,https://havit-prod-us-east.s3.us-east-1.amazonaws.com/image/actions/image/IMG_CARDIO_006.jpg
ART-0259,Exercise & Activity,The Science of Low-Intensity Cardio for Fat Burning,https://havit-prod-us-east.s3.us-east-1.amazonaws.com/image/actions/image/IMG_CARDIO_006.jpg
ART-0260,Exercise & Activity,15-Minute HIIT Workout Method for Busy Daily Life,https://havit-prod-us-east.s3.us-east-1.amazonaws.com/image/actions/image/IMG_CARDIO_006.jpg
ART-0261,Exercise & Activity,Walking vs Running: Finding the Right Cardio Exercise for You,https://havit-prod-us-east.s3.us-east-1.amazonaws.com/image/actions/image/IMG_CARDIO_001.jpg
ART-0262,Exercise & Activity,Find Your Personal Exercise Intensity with Heart Rate,https://havit-prod-us-east.s3.us-east-1.amazonaws.com/image/actions/image/IMG_CAT_EX.jpg
ART-0263,Exercise & Activity,Why cardio exercise alone makes weight loss difficult,https://havit-prod-us-east.s3.us-east-1.amazonaws.com/image/actions/image/IMG_CARDIO_006.jpg
ART-0264,Exercise & Activity,There's no exercise in the world that only targets belly fat,https://havit-prod-us-east.s3.us-east-1.amazonaws.com/image/actions/image/IMG_CAT_EX.jpg
ART-0265,Exercise & Activity,Why Thigh Muscles Are Our Body's Energy Storage,https://havit-prod-us-east.s3.us-east-1.amazonaws.com/image/actions/image/IMG_STR_003.jpg
ART-0266,Exercise & Activity,Core Muscle Strengthening Methods to Reduce Waist Circumference,https://havit-prod-us-east.s3.us-east-1.amazonaws.com/image/actions/image/IMG_STR_004.jpg
ART-0267,Exercise & Activity,Glute Muscle Exercise Guide to Perfect Your Back Silhouette,https://havit-prod-us-east.s3.us-east-1.amazonaws.com/image/actions/image/IMG_STR_003.jpg
ART-0268,Exercise & Activity,Elastic Exercise Methods for Creating Smooth Arm Lines,https://havit-prod-us-east.s3.us-east-1.amazonaws.com/image/actions/image/IMG_STR_005.jpg
ART-0269,Exercise & Activity,Why lat exercises make your waistline look slimmer,https://havit-prod-us-east.s3.us-east-1.amazonaws.com/image/actions/image/IMG_STR_002.jpg
ART-0270,Exercise & Activity,Deltoid exercises to create a square shoulder line,https://havit-prod-us-east.s3.us-east-1.amazonaws.com/image/actions/image/IMG_STR_002.jpg
ART-0271,Exercise & Activity,Targeted Stretching Guide to Reduce Leg Swelling,https://havit-prod-us-east.s3.us-east-1.amazonaws.com/image/actions/image/IMG_STR_003.jpg
ART-0272,Exercise & Activity,Exercise Methods to Maintain Chest Elasticity During Diet,https://havit-prod-us-east.s3.us-east-1.amazonaws.com/image/actions/image/IMG_STR_002.jpg
ART-0274,Exercise & Activity,Optimal Exercise Timing to Maximize Fat Burning,https://havit-prod-us-east.s3.us-east-1.amazonaws.com/image/actions/image/IMG_CAT_EX.jpg
ART-0275,Exercise & Activity,Weight Loss Plateau: Why You Need to Change Your Exercise Routine,https://havit-prod-us-east.s3.us-east-1.amazonaws.com/image/actions/image/IMG_CAT_EX.jpg
ART-0276,Exercise & Activity,The truth that ignoring swelling leads to weight gain,https://havit-prod-us-east.s3.us-east-1.amazonaws.com/image/actions/image/IMG_FLEX_003.jpg
ART-0277,Exercise & Activity,Indoor Cardio Workouts Without Noise Complaints,https://havit-prod-us-east.s3.us-east-1.amazonaws.com/image/actions/image/IMG_CARDIO_006.jpg
ART-0278,Exercise & Activity,Just changing your breathing during exercise helps burn body fat better,https://havit-prod-us-east.s3.us-east-1.amazonaws.com/image/actions/image/IMG_CAT_EX.jpg
ART-0279,Exercise & Activity,The Scientific Reason Why Fast-Tempo Music Enhances Exercise Performance,https://havit-prod-us-east.s3.us-east-1.amazonaws.com/image/actions/image/IMG_CAT_EX.jpg
ART-0280,Exercise & Activity,The Scientific Reason Why Endurance Increases 3x When Exercising Together,https://havit-prod-us-east.s3.us-east-1.amazonaws.com/image/actions/image/IMG_CAT_EX.jpg
ART-0281,Exercise & Activity,The Scientific Principles of How Functional Workout Clothing Aids Muscle Recovery,https://havit-prod-us-east.s3.us-east-1.amazonaws.com/image/actions/image/IMG_FLEX_005.jpg
ART-0282,Exercise & Activity,The Science of One Cup of Americano 30 Minutes Before Exercise,https://havit-prod-us-east.s3.us-east-1.amazonaws.com/image/actions/image/IMG_CAT_EX.jpg
ART-0284,Exercise & Activity,Will increasing exercise intensity alone make you lose weight?,https://havit-prod-us-east.s3.us-east-1.amazonaws.com/image/actions/image/IMG_CAT_EX.jpg
ART-0285,Exercise & Activity,Why Exercise Order Changes Results,https://havit-prod-us-east.s3.us-east-1.amazonaws.com/image/actions/image/IMG_CARDIO_006.jpg
ART-0286,Exercise & Activity,Why Exercise Becomes Stressful and How to Fix It,https://havit-prod-us-east.s3.us-east-1.amazonaws.com/image/actions/image/IMG_STR_006.jpg
ART-0287,Exercise & Activity,The Mindset of People Who Exercise for Life,https://havit-prod-us-east.s3.us-east-1.amazonaws.com/image/actions/image/IMG_CAT_EX.jpg
ART-0288,Exercise & Activity,Warning Signs Your Body Needs to Stop Exercising,https://havit-prod-us-east.s3.us-east-1.amazonaws.com/image/actions/image/IMG_CAT_EX.jpg
ART-0289,Exercise & Activity,"On days you can't exercise, try this instead of feeling guilty",https://havit-prod-us-east.s3.us-east-1.amazonaws.com/image/actions/image/IMG_CAT_EX.jpg
ART-0290,Exercise & Activity,Exercise Overload Signals Your Body Sends,https://havit-prod-us-east.s3.us-east-1.amazonaws.com/image/actions/image/IMG_CAT_EX.jpg
ART-0291,Exercise & Activity,Moments When You Should Lower Your Exercise Goals,https://havit-prod-us-east.s3.us-east-1.amazonaws.com/image/actions/image/IMG_CAT_EX.jpg
ART-0292,Exercise & Activity,Why You Feel Hungrier After Exercise and How to Solve It,https://havit-prod-us-east.s3.us-east-1.amazonaws.com/image/actions/image/IMG_CAT_EX.jpg
ART-0294,Exercise & Activity,Post-workout swelling: Why does it happen and when does it go away,https://havit-prod-us-east.s3.us-east-1.amazonaws.com/image/actions/image/IMG_FLEX_005.jpg
ART-0295,Exercise & Activity,Exercise Habit Collapse Imminent! 5 Warning Signs You Can't Miss,https://havit-prod-us-east.s3.us-east-1.amazonaws.com/image/actions/image/IMG_CAT_EX.jpg
ART-0296,Exercise & Activity,Don't miss the golden time to restart your exercise routine,https://havit-prod-us-east.s3.us-east-1.amazonaws.com/image/actions/image/IMG_STR_003.jpg
ART-0297,Exercise & Activity,3 Steps to Form Automatic Exercise Habits,https://havit-prod-us-east.s3.us-east-1.amazonaws.com/image/actions/image/IMG_CAT_EX.jpg
ART-0298,Exercise & Activity,The moment exercise changes from obligation to enjoyment,https://havit-prod-us-east.s3.us-east-1.amazonaws.com/image/actions/image/IMG_STR_006.jpg
ART-0299,Exercise & Activity,Muscles grow when they rest! The science of recovery,https://havit-prod-us-east.s3.us-east-1.amazonaws.com/image/actions/image/IMG_FLEX_005.jpg
ART-0301,Exercise & Activity,Why the 30 minutes after exercise is the golden time for recovery,https://havit-prod-us-east.s3.us-east-1.amazonaws.com/image/actions/image/IMG_FLEX_005.jpg
ART-0302,Exercise & Activity,Strategic Rest Methods to Prevent Overtraining,https://havit-prod-us-east.s3.us-east-1.amazonaws.com/image/actions/image/IMG_FLEX_005.jpg
ART-0303,Exercise & Activity,Post-workout muscle soreness: Should I continue or rest?,https://havit-prod-us-east.s3.us-east-1.amazonaws.com/image/actions/image/IMG_FLEX_005.jpg
ART-0304,Exercise & Activity,The Time When Muscles Are Built: The Importance of Rest,https://havit-prod-us-east.s3.us-east-1.amazonaws.com/image/actions/image/IMG_FLEX_005.jpg
ART-0305,Exercise & Activity,How to smooth muscle lines with a foam roller,https://havit-prod-us-east.s3.us-east-1.amazonaws.com/image/actions/image/IMG_FLEX_004.jpg
ART-0306,Exercise & Activity,How to Do Squats and Lunges Without Knee Pain,https://havit-prod-us-east.s3.us-east-1.amazonaws.com/image/actions/image/IMG_STR_003.jpg
ART-0308,Exercise & Activity,The Scientific Reasons Why Cold Therapy After Exercise Helps Muscle Recovery,https://havit-prod-us-east.s3.us-east-1.amazonaws.com/image/actions/image/IMG_FLEX_005.jpg
ART-0309,Exercise & Activity,When to drink sports drinks during exercise,https://havit-prod-us-east.s3.us-east-1.amazonaws.com/image/actions/image/IMG_CAT_EX.jpg
ART-0310,Exercise & Activity,The First Step to Diet Success: How to Choose the Right Athletic Shoes,https://havit-prod-us-east.s3.us-east-1.amazonaws.com/image/actions/image/IMG_CAT_EX.jpg
ART-0312,Exercise & Activity,Why Static Stretching After Exercise is Essential for Muscle Recovery,https://havit-prod-us-east.s3.us-east-1.amazonaws.com/image/actions/image/IMG_FLEX_003.jpg
ART-0313,Exercise & Activity,Signs Your Body Sends When Recovery After Exercise Is Insufficient,https://havit-prod-us-east.s3.us-east-1.amazonaws.com/image/actions/image/IMG_FLEX_005.jpg
ART-0314,Exercise & Activity,Scientific Reasons Why Rest Days from Exercise Are Necessary,https://havit-prod-us-east.s3.us-east-1.amazonaws.com/image/actions/image/IMG_FLEX_005.jpg
ART-0315,Exercise & Activity,Body signals that indicate overtraining,https://havit-prod-us-east.s3.us-east-1.amazonaws.com/image/actions/image/IMG_CAT_EX.jpg
ART-0316,Exercise & Activity,The first thing that changes in your body when you recover from exercise,https://havit-prod-us-east.s3.us-east-1.amazonaws.com/image/actions/image/IMG_FLEX_005.jpg
ART-0317,Exercise & Activity,Finding the Golden Ratio of Exercise and Rest,https://havit-prod-us-east.s3.us-east-1.amazonaws.com/image/actions/image/IMG_FLEX_005.jpg
ART-0318,Exercise & Activity,Why Calories Disappear Twice as Fast in the Pool,https://havit-prod-us-east.s3.us-east-1.amazonaws.com/image/actions/image/IMG_CARDIO_004.jpg
ART-0319,Exercise & Activity,Yoga/Pilates that targets both flexibility and deep muscles,https://havit-prod-us-east.s3.us-east-1.amazonaws.com/image/actions/image/IMG_FLEX_001.jpg
ART-0320,Exercise & Activity,Lower body strength and cardio at the same time! The appeal of hiking,https://havit-prod-us-east.s3.us-east-1.amazonaws.com/image/actions/image/IMG_CARDIO_006.jpg
ART-0321,Exercise & Activity,Knee-Friendly Cycling for Lower Body Weight Loss,https://havit-prod-us-east.s3.us-east-1.amazonaws.com/image/actions/image/IMG_CARDIO_003.jpg
ART-0335,Exercise & Activity,Post-Workout Hydration: When and How Much Should You Drink,https://havit-prod-us-east.s3.us-east-1.amazonaws.com/image/actions/image/IMG_FLEX_005.jpg
ART-0385,Exercise & Activity,Scientific Reasons Why You Should Relieve Stress Through Exercise,https://havit-prod-us-east.s3.us-east-1.amazonaws.com/image/actions/image/IMG_CAT_EX.jpg
ART-0558,Exercise & Activity,3 Things to Do Immediately When the Yo-Yo Effect Begins,https://havit-prod-us-east.s3.us-east-1.amazonaws.com/image/actions/image/IMG_FLEX_001.jpg
ART-0576,Exercise & Activity,Nutrition Timing Strategies for Amateur Athletes,https://havit-prod-us-east.s3.us-east-1.amazonaws.com/image/actions/image/IMG_FLEX_005.jpg
ART-0586,Exercise & Activity,Daily Strength Training Methods to Prevent Sarcopenia,https://havit-prod-us-east.s3.us-east-1.amazonaws.com/image/actions/image/IMG_CAT_EX.jpg
ART-0590,Exercise & Activity,Starting healthy with joint-friendly exercises,https://havit-prod-us-east.s3.us-east-1.amazonaws.com/image/actions/image/IMG_CAT_EX.jpg
ART-0591,Exercise & Activity,Building Important Balance Skills as You Age,https://havit-prod-us-east.s3.us-east-1.amazonaws.com/image/actions/image/IMG_CAT_EX.jpg
ART-0595,Exercise & Activity,Staying Healthy Through Active Play with Grandchildren,https://havit-prod-us-east.s3.us-east-1.amazonaws.com/image/actions/image/IMG_CAT_EX.jpg
ART-0596,Exercise & Activity,Senior Water Exercise: Starting Without Joint Stress,https://havit-prod-us-east.s3.us-east-1.amazonaws.com/image/actions/image/IMG_CARDIO_004.jpg
ART-0601,Exercise & Activity,Checklist for Safe Exercise During Heat Waves,https://havit-prod-us-east.s3.us-east-1.amazonaws.com/image/actions/image/IMG_CAT_EX.jpg
ART-0602,Exercise & Activity,Practical Ways to Overcome Decreased Winter Activity,https://havit-prod-us-east.s3.us-east-1.amazonaws.com/image/actions/image/IMG_CAT_EX.jpg
ART-0619,Exercise & Activity,Couple Workout Routine That Lasts 3 Times Longer Together,https://havit-prod-us-east.s3.us-east-1.amazonaws.com/image/actions/image/IMG_CAT_EX.jpg
ART-0623,Exercise & Activity,Naturally increase activity levels by cooking with your child,https://havit-prod-us-east.s3.us-east-1.amazonaws.com/image/actions/image/IMG_CAT_EX.jpg
ART-0624,Exercise & Activity,"Outdoor activities with family, double the calorie burn effect",https://havit-prod-us-east.s3.us-east-1.amazonaws.com/image/actions/image/IMG_CAT_EX.jpg
ART-0639,Exercise & Activity,How to Restore Hormonal Balance Through Exercise,https://havit-prod-us-east.s3.us-east-1.amazonaws.com/image/actions/image/IMG_CAT_EX.jpg
ART-0650,Exercise & Activity,How to Triple Your Workout Effectiveness with a Smartwatch,https://havit-prod-us-east.s3.us-east-1.amazonaws.com/image/actions/image/IMG_FLEX_005.jpg
ART-0670,Exercise & Activity,How to Set Up Your Home Environment to Make You Want to Exercise,https://havit-prod-us-east.s3.us-east-1.amazonaws.com/image/actions/image/IMG_CAT_EX.jpg
ART-0700,Exercise & Activity,The Scientific Reason Why Exercise Tracking Creates Habits,https://havit-prod-us-east.s3.us-east-1.amazonaws.com/image/actions/image/IMG_CAT_EX.jpg
ART-0762,Exercise & Activity,Step-by-Step Low-Impact Exercise Guide for Arthritis Patients,https://havit-prod-us-east.s3.us-east-1.amazonaws.com/image/actions/image/IMG_FLEX_003.jpg
ART-0763,Exercise & Activity,The Real Reason Why Swimming and Aqua Aerobics Are Good for Your Joints,https://havit-prod-us-east.s3.us-east-1.amazonaws.com/image/actions/image/IMG_CARDIO_004.jpg
ART-0766,Exercise & Activity,Smart Exercise Methods to Build Strength While Protecting Your Joints,https://havit-prod-us-east.s3.us-east-1.amazonaws.com/image/actions/image/IMG_CAT_EX.jpg
ART-0768,Exercise & Activity,Exercise Methods You Can Do Even with Joint Pain,https://havit-prod-us-east.s3.us-east-1.amazonaws.com/image/actions/image/IMG_CAT_EX.jpg
ART-0792,Exercise & Activity,Strength Training First! The Golden Order for Burning Body Fat,https://havit-prod-us-east.s3.us-east-1.amazonaws.com/image/actions/image/IMG_CARDIO_006.jpg
ART-0799,Exercise & Activity,Low-Impact Exercise Starting from Severe Obesity,https://havit-prod-us-east.s3.us-east-1.amazonaws.com/image/actions/image/IMG_CAT_EX.jpg
ART-0829,Exercise & Activity,Don't overthink exercise tracking,https://havit-prod-us-east.s3.us-east-1.amazonaws.com/image/actions/image/IMG_CAT_EX.jpg
ART-0836,Exercise & Activity,Basic Exercise Guide for Diet Beginners,https://havit-prod-us-east.s3.us-east-1.amazonaws.com/image/actions/image/IMG_CAT_EX.jpg
ART-0866,Exercise & Activity,Exercise intensity adjustment based on menstrual cycle,https://havit-prod-us-east.s3.us-east-1.amazonaws.com/image/actions/image/IMG_CAT_EX.jpg
ART-0869,Exercise & Activity,How to cope when exercise is difficult during menstruation,https://havit-prod-us-east.s3.us-east-1.amazonaws.com/image/actions/image/IMG_CAT_EX.jpg
ART-0874,Exercise & Activity,Scientific Reasons Why Women Should Do More Strength Training,https://havit-prod-us-east.s3.us-east-1.amazonaws.com/image/actions/image/IMG_CAT_EX.jpg
ART-0875,Exercise & Activity,Strength training won't make you bulky,https://havit-prod-us-east.s3.us-east-1.amazonaws.com/image/actions/image/IMG_CAT_EX.jpg
ART-0940,Exercise & Activity,How Exercise Reduces Stress Hormones,https://havit-prod-us-east.s3.us-east-1.amazonaws.com/image/actions/image/IMG_CAT_EX.jpg
ART-0941,Exercise & Activity,The Scientific Reasons Why Walking in Nature Reduces Stress,https://havit-prod-us-east.s3.us-east-1.amazonaws.com/image/actions/image/IMG_CARDIO_001.jpg
ART-0967,Exercise & Activity,3-Step Exercise Method to Prevent Muscle Loss in Your 40s,https://havit-prod-us-east.s3.us-east-1.amazonaws.com/image/actions/image/IMG_CARDIO_006.jpg
ART-0968,Exercise & Activity,Scientific Reasons Why Strength Training is Essential from Your 40s,https://havit-prod-us-east.s3.us-east-1.amazonaws.com/image/actions/image/IMG_CAT_EX.jpg
ART-0971,Exercise & Activity,Smart Exercise Methods to Protect Joints in Your 50s,https://havit-prod-us-east.s3.us-east-1.amazonaws.com/image/actions/image/IMG_CAT_EX.jpg
ART-0984,Exercise & Activity,Double Your Exercise Results! Perfect Fasting Timing Guide,https://havit-prod-us-east.s3.us-east-1.amazonaws.com/image/actions/image/IMG_CAT_EX.jpg
ART-1018,Exercise & Activity,Complete Yoga Guide for Dieters,https://havit-prod-us-east.s3.us-east-1.amazonaws.com/image/actions/image/IMG_FLEX_001.jpg
ART-1019,Exercise & Activity,3 Types of Yoga That Boost Weight Loss Effects,https://havit-prod-us-east.s3.us-east-1.amazonaws.com/image/actions/image/IMG_FLEX_001.jpg
ART-1020,Exercise & Activity,Complete Pilates Guide for Dieters,https://havit-prod-us-east.s3.us-east-1.amazonaws.com/image/actions/image/IMG_STR_004.jpg
ART-1021,Exercise & Activity,3 Basic Pilates Movements to Awaken Core Muscles,https://havit-prod-us-east.s3.us-east-1.amazonaws.com/image/actions/image/IMG_STR_004.jpg
ART-1022,Exercise & Activity,Complete Swimming Guide for Dieters,https://havit-prod-us-east.s3.us-east-1.amazonaws.com/image/actions/image/IMG_CARDIO_004.jpg
ART-1023,Exercise & Activity,Complete Comparison of Calorie Burn by Swimming Stroke,https://havit-prod-us-east.s3.us-east-1.amazonaws.com/image/actions/image/IMG_CARDIO_004.jpg
ART-1025,Exercise & Activity,8-Week Beginner Running Completion Program,https://havit-prod-us-east.s3.us-east-1.amazonaws.com/image/actions/image/IMG_CARDIO_002.jpg
ART-1026,Exercise & Activity,Maximizing Fat Burning with Interval Running,https://havit-prod-us-east.s3.us-east-1.amazonaws.com/image/actions/image/IMG_CARDIO_002.jpg
ART-1027,Exercise & Activity,Complete Guide to Building a Healthy Body with Walking Exercise,https://havit-prod-us-east.s3.us-east-1.amazonaws.com/image/actions/image/IMG_CARDIO_001.jpg
ART-1030,Exercise & Activity,Indoor vs Outdoor Cycling Effects Comparison,https://havit-prod-us-east.s3.us-east-1.amazonaws.com/image/actions/image/IMG_CARDIO_003.jpg
ART-1031,Exercise & Activity,Complete Beginner's Guide to the Gym: From First Workout to Routine Mastery,https://havit-prod-us-east.s3.us-east-1.amazonaws.com/image/actions/image/IMG_STR_006.jpg
ART-1032,Exercise & Activity,Master All Gym Equipment! Beginner Safety Guide,https://havit-prod-us-east.s3.us-east-1.amazonaws.com/image/actions/image/IMG_STR_006.jpg
ART-1033,Exercise & Activity,At home without equipment! Perfect home training guide,https://havit-prod-us-east.s3.us-east-1.amazonaws.com/image/actions/image/IMG_STR_005.jpg
ART-1034,Exercise & Activity,Effective home workout routine even in small spaces,https://havit-prod-us-east.s3.us-east-1.amazonaws.com/image/actions/image/IMG_CARDIO_006.jpg
ART-1035,Exercise & Activity,Zero Floor Noise! Quiet Home Workout Routine,https://havit-prod-us-east.s3.us-east-1.amazonaws.com/image/actions/image/IMG_STR_005.jpg
ART-1036,Exercise & Activity,3-Step Routine to Transform Your Day with Morning Exercise,https://havit-prod-us-east.s3.us-east-1.amazonaws.com/image/actions/image/IMG_CAT_EX.jpg
ART-1038,Exercise & Activity,Recharge your afternoon energy with 30 minutes of lunchtime exercise,https://havit-prod-us-east.s3.us-east-1.amazonaws.com/image/actions/image/IMG_CAT_EX.jpg
ART-1039,Exercise & Activity,Golden Hour After Work: Triple Your Evening Exercise Benefits,https://havit-prod-us-east.s3.us-east-1.amazonaws.com/image/actions/image/IMG_CAT_EX.jpg
ART-1052,Exercise & Activity,Smart ways to maintain healthy habits during business trips,https://havit-prod-us-east.s3.us-east-1.amazonaws.com/image/actions/image/IMG_CAT_EX.jpg
ART-1102,Exercise & Activity,"Losing belly fat with abdominal exercises, what's the truth?",https://havit-prod-us-east.s3.us-east-1.amazonaws.com/image/actions/image/IMG_STR_004.jpg
ART-1151,Exercise & Activity,Double Your Exercise Results! Timing-Based Beverage Selection Guide,https://havit-prod-us-east.s3.us-east-1.amazonaws.com/image/actions/image/IMG_CAT_EX.jpg
ART-1153,Exercise & Activity,First Steps Guide for Complete Exercise Beginners,https://havit-prod-us-east.s3.us-east-1.amazonaws.com/image/actions/image/IMG_CAT_EX.jpg
ART-1155,Exercise & Activity,Super Simple Exercise Methods for Those Who Find Even Breathing Difficult,https://havit-prod-us-east.s3.us-east-1.amazonaws.com/image/actions/image/IMG_CAT_EX.jpg
ART-1156,Exercise & Activity,Systematic Level-Up Guide for Intermediate Exercisers,https://havit-prod-us-east.s3.us-east-1.amazonaws.com/image/actions/image/IMG_CAT_EX.jpg
ART-1157,Exercise & Activity,How to Scientifically Break Through Exercise Plateaus,https://havit-prod-us-east.s3.us-east-1.amazonaws.com/image/actions/image/IMG_CAT_EX.jpg
ART-1158,Exercise & Activity,Breaking Through Exercise Plateaus! Advanced Optimization Strategies,https://havit-prod-us-east.s3.us-east-1.amazonaws.com/image/actions/image/IMG_CAT_EX.jpg
ART-1159,Exercise & Activity,3-Stage Cycle for Complete Recovery from Post-Exercise Fatigue,https://havit-prod-us-east.s3.us-east-1.amazonaws.com/image/actions/image/IMG_FLEX_005.jpg
ART-1160,Exercise & Activity,Know Your Exact Fitness Level - 5-Minute Self-Assessment,https://havit-prod-us-east.s3.us-east-1.amazonaws.com/image/actions/image/IMG_CAT_EX.jpg
ART-1161,Exercise & Activity,Full-Body Strength Training Routine: Systematic Program Design Method,https://havit-prod-us-east.s3.us-east-1.amazonaws.com/image/actions/image/IMG_CAT_EX.jpg
ART-1162,Exercise & Activity,Build Muscle Strength 2x Faster with Upper-Lower Body Split Workouts,https://havit-prod-us-east.s3.us-east-1.amazonaws.com/image/actions/image/IMG_STR_003.jpg
ART-1163,Exercise & Activity,Systematic Strength Training Starting with Push-Pull-Legs 3-Day Split,https://havit-prod-us-east.s3.us-east-1.amazonaws.com/image/actions/image/IMG_CAT_EX.jpg
ART-1164,Exercise & Activity,"Split vs Full Body Workout, Which Choice is Right for Me?",https://havit-prod-us-east.s3.us-east-1.amazonaws.com/image/actions/image/IMG_CAT_EX.jpg
ART-1165,Exercise & Activity,Home Workout Strength Training: Complete Beginner's Guide,https://havit-prod-us-east.s3.us-east-1.amazonaws.com/image/actions/image/IMG_STR_005.jpg
ART-1167,Exercise & Activity,Complete Barbell Big 5 Exercise Mastery Guide,https://havit-prod-us-east.s3.us-east-1.amazonaws.com/image/actions/image/IMG_STR_001.jpg
ART-1168,Exercise & Activity,Sets × Reps Formula to Maximize Exercise Effects,https://havit-prod-us-east.s3.us-east-1.amazonaws.com/image/actions/image/IMG_CAT_EX.jpg
ART-1170,Exercise & Activity,Practical Methods to Build Muscle Through Progressive Overload,https://havit-prod-us-east.s3.us-east-1.amazonaws.com/image/actions/image/IMG_CAT_EX.jpg
ART-1171,Exercise & Activity,Complete Guide to Flexibility Exercise: Regaining Body Flexibility,https://havit-prod-us-east.s3.us-east-1.amazonaws.com/image/actions/image/IMG_FLEX_003.jpg
ART-1172,Exercise & Activity,Start an energetic day with 5 minutes of morning stretching,https://havit-prod-us-east.s3.us-east-1.amazonaws.com/image/actions/image/IMG_FLEX_003.jpg
ART-1173,Exercise & Activity,5-minute relaxing stretch before bed guarantees sweet sleep,https://havit-prod-us-east.s3.us-east-1.amazonaws.com/image/actions/image/IMG_FLEX_003.jpg
ART-1174,Exercise & Activity,Relieve stiff body with 3-minute office stretching,https://havit-prod-us-east.s3.us-east-1.amazonaws.com/image/actions/image/IMG_FLEX_003.jpg
ART-1176,Exercise & Activity,Regaining flexibility with hip mobility exercises,https://havit-prod-us-east.s3.us-east-1.amazonaws.com/image/actions/image/IMG_CAT_EX.jpg
ART-1177,Exercise & Activity,Loosen Your Stiff Shoulders in Just 5 Minutes a Day,https://havit-prod-us-east.s3.us-east-1.amazonaws.com/image/actions/image/IMG_STR_002.jpg
ART-1178,Exercise & Activity,Static vs Dynamic Stretching: Timing is Key,https://havit-prod-us-east.s3.us-east-1.amazonaws.com/image/actions/image/IMG_FLEX_003.jpg
ART-1180,Exercise & Activity,Why Poor Posture Causes Weight Gain,https://havit-prod-us-east.s3.us-east-1.amazonaws.com/image/actions/image/IMG_CAT_EX.jpg
ART-1181,Exercise & Activity,Forward Head Posture Self-Diagnosis Checklist and Corrective Exercises,https://havit-prod-us-east.s3.us-east-1.amazonaws.com/image/actions/image/IMG_CAT_EX.jpg
ART-1182,Exercise & Activity,Rounded Back Self-Diagnosis and 3-Minute Corrective Exercise,https://havit-prod-us-east.s3.us-east-1.amazonaws.com/image/actions/image/IMG_CAT_EX.jpg
ART-1183,Exercise & Activity,Solving Lower Back Pain Through Anterior Pelvic Tilt Correction,https://havit-prod-us-east.s3.us-east-1.amazonaws.com/image/actions/image/IMG_CAT_EX.jpg
ART-1185,Exercise & Activity,Secrets to maintaining healthy spine posture even when sitting for long periods,https://havit-prod-us-east.s3.us-east-1.amazonaws.com/image/actions/image/IMG_STR_002.jpg
ART-1186,Exercise & Activity,Perfect Guide to Using a Standing Desk,https://havit-prod-us-east.s3.us-east-1.amazonaws.com/image/actions/image/IMG_CAT_EX.jpg
ART-1187,Exercise & Activity,5-Minute Pre-Workout Injury Prevention Checklist,https://havit-prod-us-east.s3.us-east-1.amazonaws.com/image/actions/image/IMG_CAT_EX.jpg
ART-1188,Exercise & Activity,5-minute warm-up before exercise reduces injury risk by 70%,https://havit-prod-us-east.s3.us-east-1.amazonaws.com/image/actions/image/IMG_CAT_EX.jpg
ART-1189,Exercise & Activity,"Post-workout cool-down, the key to injury prevention",https://havit-prod-us-east.s3.us-east-1.amazonaws.com/image/actions/image/IMG_CAT_EX.jpg
ART-1190,Exercise & Activity,Post-Workout Muscle Soreness vs Injury: Accurate Distinction Methods,https://havit-prod-us-east.s3.us-east-1.amazonaws.com/image/actions/image/IMG_FLEX_005.jpg
ART-1192,Exercise & Activity,Step-by-step guide for safe return to exercise after injury,https://havit-prod-us-east.s3.us-east-1.amazonaws.com/image/actions/image/IMG_FLEX_005.jpg
ART-1193,Exercise & Activity,7 Dangerous Pain Signals You Shouldn't Ignore,https://havit-prod-us-east.s3.us-east-1.amazonaws.com/image/actions/image/IMG_FLEX_005.jpg
ART-1194,Exercise & Activity,Chronic Pain is OK! Safe Exercise Methods,https://havit-prod-us-east.s3.us-east-1.amazonaws.com/image/actions/image/IMG_CAT_EX.jpg
ART-1234,Exercise & Activity,Maximizing Exercise Effects with Proper Breathing Techniques During Workouts,https://havit-prod-us-east.s3.us-east-1.amazonaws.com/image/actions/image/IMG_CAT_EX.jpg
ART-1238,Exercise & Activity,Yo-yo Effect: The Real Reason Science Revealed,https://havit-prod-us-east.s3.us-east-1.amazonaws.com/image/actions/image/IMG_FLEX_001.jpg
ART-1241,Exercise & Activity,3-Step Strategy to Integrate Exercise into Daily Life,https://havit-prod-us-east.s3.us-east-1.amazonaws.com/image/actions/image/IMG_CAT_EX.jpg
ART-1245,Exercise & Activity,How to Start Safe Strength Training in Your 60s,https://havit-prod-us-east.s3.us-east-1.amazonaws.com/image/actions/image/IMG_CAT_EX.jpg
ART-1247,Exercise & Activity,Safe Exercise Methods Even with Arthritis,https://havit-prod-us-east.s3.us-east-1.amazonaws.com/image/actions/image/IMG_CAT_EX.jpg
ART-1248,Exercise & Activity,"Fall Prevention Balance Exercise, The First Step to a Safe Daily Life",https://havit-prod-us-east.s3.us-east-1.amazonaws.com/image/actions/image/IMG_STR_005.jpg
ART-1250,Exercise & Activity,Bone-strengthening exercises to prevent osteoporosis,https://havit-prod-us-east.s3.us-east-1.amazonaws.com/image/actions/image/IMG_CAT_EX.jpg
ART-1251,Exercise & Activity,Essential Medical Consultation Checklist Before Starting Senior Exercise,https://havit-prod-us-east.s3.us-east-1.amazonaws.com/image/actions/image/IMG_CAT_EX.jpg
ART-1252,Exercise & Activity,30-Minute Golden Time After Exercise: Double Your Recovery Speed,https://havit-prod-us-east.s3.us-east-1.amazonaws.com/image/actions/image/IMG_CAT_EX.jpg
ART-1253,Exercise & Activity,Recovery Effects Determined by 30 Minutes After Exercise,https://havit-prod-us-east.s3.us-east-1.amazonaws.com/image/actions/image/IMG_FLEX_005.jpg
ART-1254,Exercise & Activity,Post-Exercise Muscle Pain: Is It Normal? The Science of DOMS,https://havit-prod-us-east.s3.us-east-1.amazonaws.com/image/actions/image/IMG_FLEX_005.jpg
ART-1255,Exercise & Activity,"Post-workout muscle soreness, relieve it this way",https://havit-prod-us-east.s3.us-east-1.amazonaws.com/image/actions/image/IMG_FLEX_005.jpg
ART-1256,Exercise & Activity,Active vs Passive Recovery: When to Choose Which Method?,https://havit-prod-us-east.s3.us-east-1.amazonaws.com/image/actions/image/IMG_FLEX_005.jpg
ART-1257,Exercise & Activity,Turn Rest Days into Recovery Days! The Power of Active Recovery,https://havit-prod-us-east.s3.us-east-1.amazonaws.com/image/actions/image/IMG_FLEX_005.jpg
ART-1258,Exercise & Activity,Overtraining Warning Signs Checklist,https://havit-prod-us-east.s3.us-east-1.amazonaws.com/image/actions/image/IMG_CAT_EX.jpg
ART-1259,Exercise & Activity,Why Deload Weeks Are Essential for Strength Improvement,https://havit-prod-us-east.s3.us-east-1.amazonaws.com/image/actions/image/IMG_CAT_EX.jpg
ART-1281,Exercise & Activity,"The 10-minute golden time after meals, the secret to blood sugar management",https://havit-prod-us-east.s3.us-east-1.amazonaws.com/image/actions/image/IMG_CAT_EX.jpg
ART-1291,Exercise & Activity,Smart Exercise Methods to Protect Knee Health,https://havit-prod-us-east.s3.us-east-1.amazonaws.com/image/actions/image/IMG_CAT_EX.jpg
ART-1307,Exercise & Activity,"Building a Body Without Yo-yo Effect, Muscle Mass is the Answer",https://havit-prod-us-east.s3.us-east-1.amazonaws.com/image/actions/image/IMG_FLEX_001.jpg
ART-1332,Exercise & Activity,"Stairs, Become Your Free Gym",https://havit-prod-us-east.s3.us-east-1.amazonaws.com/image/actions/image/IMG_STR_006.jpg
ART-1333,Exercise & Activity,NEAT Activity Methods That Turn Daily Life Into Exercise,https://havit-prod-us-east.s3.us-east-1.amazonaws.com/image/actions/image/IMG_CAT_EX.jpg
ART-1334,Exercise & Activity,Simple Ways to Stop the Blood Sugar Roller Coaster,https://havit-prod-us-east.s3.us-east-1.amazonaws.com/image/actions/image/IMG_CAT_EX.jpg
ART-1342,Exercise & Activity,Golden Time for Hydration Before and After Exercise,https://havit-prod-us-east.s3.us-east-1.amazonaws.com/image/actions/image/IMG_CAT_EX.jpg
ART-1357,Exercise & Activity,"The distance I moved today, a measure of health",https://havit-prod-us-east.s3.us-east-1.amazonaws.com/image/actions/image/IMG_CAT_EX.jpg
ART-1358,Exercise & Activity,The miracle of 5-minute gap exercises in busy daily life,https://havit-prod-us-east.s3.us-east-1.amazonaws.com/image/actions/image/IMG_CAT_EX.jpg
ART-1359,Exercise & Activity,The magic posture that burns fat just by sitting,https://havit-prod-us-east.s3.us-east-1.amazonaws.com/image/actions/image/IMG_CAT_EX.jpg
ART-1417,Exercise & Activity,"It's okay to dislike exercise, move like this instead",https://havit-prod-us-east.s3.us-east-1.amazonaws.com/image/actions/image/IMG_CAT_EX.jpg
ART-0192,Health & Conditions,Safe Diet Meal Plan Guide for Diabetes Patients,https://havit-prod-us-east.s3.us-east-1.amazonaws.com/image/articles/art_0192.jpg
ART-0193,Health & Conditions,DASH Diet Implementation for High Blood Pressure Management,https://havit-prod-us-east.s3.us-east-1.amazonaws.com/image/articles/art_0193.jpg
ART-0195,Health & Conditions,Weight Management Methods for Hypothyroidism,https://havit-prod-us-east.s3.us-east-1.amazonaws.com/image/articles/art_0195.jpg
ART-0196,Health & Conditions,Smart Diet Management with PCOS,https://havit-prod-us-east.s3.us-east-1.amazonaws.com/image/articles/art_0196.jpg
ART-0198,Health & Conditions,Step-by-Step Dietary Strategies for Fatty Liver Improvement,https://havit-prod-us-east.s3.us-east-1.amazonaws.com/image/articles/art_0198.jpg
ART-0513,Health & Conditions,Satiety signals come late,https://havit-prod-us-east.s3.us-east-1.amazonaws.com/image/actions/image/IMG_SIT_008.jpg
ART-0515,Health & Conditions,"If you're having trouble losing weight, check your thyroid function",https://havit-prod-us-east.s3.us-east-1.amazonaws.com/image/actions/image/IMG_SIT_008.jpg
ART-0517,Health & Conditions,The Hidden Process of How Stress Hormones Create Belly Fat,https://havit-prod-us-east.s3.us-east-1.amazonaws.com/image/actions/image/IMG_SIT_008.jpg
ART-0521,Health & Conditions,How to Awaken Your Cellular Powerhouse Mitochondria,https://havit-prod-us-east.s3.us-east-1.amazonaws.com/image/actions/image/IMG_CAT_HEALTH.jpg
ART-0524,Health & Conditions,If you're worried about swollen legs every evening turning into weight gain,https://havit-prod-us-east.s3.us-east-1.amazonaws.com/image/actions/image/IMG_CAT_HEALTH.jpg
ART-0529,Health & Conditions,Why Muscle Becomes More Important as You Age,https://havit-prod-us-east.s3.us-east-1.amazonaws.com/image/actions/image/IMG_CAT_HEALTH.jpg
ART-0530,Health & Conditions,Why Liver Health is Key to Weight Loss,https://havit-prod-us-east.s3.us-east-1.amazonaws.com/image/actions/image/IMG_CAT_HEALTH.jpg
ART-0531,Health & Conditions,The Hidden Reason Why Chronic Inflammation Causes Diet Failure,https://havit-prod-us-east.s3.us-east-1.amazonaws.com/image/actions/image/IMG_SIT_008.jpg
ART-0535,Health & Conditions,Scientific Reasons Why Weight Loss Is Possible Even with Obesity Genes,https://havit-prod-us-east.s3.us-east-1.amazonaws.com/image/actions/image/IMG_CAT_HEALTH.jpg
ART-0537,Health & Conditions,PCOS and Weight Management: A Scientific Approach,https://havit-prod-us-east.s3.us-east-1.amazonaws.com/image/actions/image/IMG_SIT_008.jpg
ART-0538,Health & Conditions,Hypothyroidism and Weight Management Strategies,https://havit-prod-us-east.s3.us-east-1.amazonaws.com/image/actions/image/IMG_SIT_008.jpg
ART-0539,Health & Conditions,Prediabetes can be normalized through dietary control,https://havit-prod-us-east.s3.us-east-1.amazonaws.com/image/actions/image/IMG_CAT_HEALTH.jpg
ART-0540,Health & Conditions,How to Manage High Cholesterol While Losing Weight Healthily,https://havit-prod-us-east.s3.us-east-1.amazonaws.com/image/actions/image/IMG_CAT_HEALTH.jpg
ART-0541,Health & Conditions,Complete Guide to Safe Dieting with Fatty Liver,https://havit-prod-us-east.s3.us-east-1.amazonaws.com/image/actions/image/IMG_CAT_HEALTH.jpg
ART-0630,Health & Conditions,Ghrelin and Leptin: Two Hormones That Control Appetite,https://havit-prod-us-east.s3.us-east-1.amazonaws.com/image/actions/image/IMG_SIT_008.jpg
ART-0631,Health & Conditions,Why insulin sensitivity is key to weight management,https://havit-prod-us-east.s3.us-east-1.amazonaws.com/image/actions/image/IMG_CAT_HEALTH.jpg
ART-0640,Health & Conditions,The Impact of Thyroid Hormones on Body Weight,https://havit-prod-us-east.s3.us-east-1.amazonaws.com/image/actions/image/IMG_SIT_008.jpg
ART-0642,Health & Conditions,The Gut as a Hormone Factory? The Amazing Secret of Gut Health,https://havit-prod-us-east.s3.us-east-1.amazonaws.com/image/actions/image/IMG_SIT_008.jpg
ART-0643,Health & Conditions,"Menopause weight gain, hormones were the cause",https://havit-prod-us-east.s3.us-east-1.amazonaws.com/image/actions/image/IMG_SIT_008.jpg
ART-0644,Health & Conditions,Blood sugar stability is the key to hormonal balance,https://havit-prod-us-east.s3.us-east-1.amazonaws.com/image/actions/image/IMG_SIT_008.jpg
ART-0743,Health & Conditions,Why Insulin Resistance Causes Diet Failure,https://havit-prod-us-east.s3.us-east-1.amazonaws.com/image/actions/image/IMG_CAT_HEALTH.jpg
ART-0744,Health & Conditions,Dietary strategies to reverse prediabetes back to normal,https://havit-prod-us-east.s3.us-east-1.amazonaws.com/image/actions/image/IMG_CAT_HEALTH.jpg
ART-0745,Health & Conditions,Blood Sugar Spike Symptoms Checklist,https://havit-prod-us-east.s3.us-east-1.amazonaws.com/image/actions/image/IMG_CAT_HEALTH.jpg
ART-0746,Health & Conditions,Safe Exercise Guide for Diabetes Patients,https://havit-prod-us-east.s3.us-east-1.amazonaws.com/image/actions/image/IMG_CAT_HEALTH.jpg
ART-0747,Health & Conditions,The Power of a 10-Minute Walk to Lower Post-Meal Blood Sugar,https://havit-prod-us-east.s3.us-east-1.amazonaws.com/image/actions/image/IMG_CAT_HEALTH.jpg
ART-0750,Health & Conditions,Dyslipidemia and Weight: A Vicious Cycle of Mutual Influence,https://havit-prod-us-east.s3.us-east-1.amazonaws.com/image/actions/image/IMG_CAT_HEALTH.jpg
ART-0752,Health & Conditions,How to Choose Foods That Lower LDL Cholesterol,https://havit-prod-us-east.s3.us-east-1.amazonaws.com/image/actions/image/IMG_CAT_HEALTH.jpg
ART-0753,Health & Conditions,The Dangerous Vicious Cycle Created by High Blood Pressure and Visceral Fat,https://havit-prod-us-east.s3.us-east-1.amazonaws.com/image/actions/image/IMG_SIT_008.jpg
ART-0754,Health & Conditions,Practical Methods to Reduce Daily Sodium Intake to Under 2000mg,https://havit-prod-us-east.s3.us-east-1.amazonaws.com/image/actions/image/IMG_CAT_HEALTH.jpg
ART-0755,Health & Conditions,20 Potassium-Rich Foods That Help Eliminate Sodium,https://havit-prod-us-east.s3.us-east-1.amazonaws.com/image/actions/image/IMG_CAT_HEALTH.jpg
ART-0757,Health & Conditions,High Blood Pressure Warning Signs Checklist,https://havit-prod-us-east.s3.us-east-1.amazonaws.com/image/actions/image/IMG_CAT_HEALTH.jpg
ART-0758,Health & Conditions,The Scientific Principles of How Exercise Lowers Blood Pressure,https://havit-prod-us-east.s3.us-east-1.amazonaws.com/image/actions/image/IMG_CAT_HEALTH.jpg
ART-0759,Health & Conditions,Safe Exercise Guide for Hypertension Patients,https://havit-prod-us-east.s3.us-east-1.amazonaws.com/image/actions/image/IMG_CAT_HEALTH.jpg
ART-0760,Health & Conditions,Accurate measurement methods for home blood pressure monitors,https://havit-prod-us-east.s3.us-east-1.amazonaws.com/image/actions/image/IMG_CAT_HEALTH.jpg
ART-0761,Health & Conditions,The shocking reason why 1kg of body weight puts 4kg of burden on your knees,https://havit-prod-us-east.s3.us-east-1.amazonaws.com/image/actions/image/IMG_CAT_HEALTH.jpg
ART-0764,Health & Conditions,Anti-inflammatory Foods List to Reduce Joint Inflammation,https://havit-prod-us-east.s3.us-east-1.amazonaws.com/image/actions/image/IMG_CAT_HEALTH.jpg
ART-0765,Health & Conditions,The Scientific Principles of How Omega-3 Reduces Joint Inflammation,https://havit-prod-us-east.s3.us-east-1.amazonaws.com/image/actions/image/IMG_CAT_HEALTH.jpg
ART-0767,Health & Conditions,Signs that joint pain is getting worse,https://havit-prod-us-east.s3.us-east-1.amazonaws.com/image/actions/image/IMG_CAT_HEALTH.jpg
ART-0769,Health & Conditions,"Hypothyroidism, the hidden cause of weight gain",https://havit-prod-us-east.s3.us-east-1.amazonaws.com/image/actions/image/IMG_SIT_008.jpg
ART-0770,Health & Conditions,Weight Management Strategies for Hyperthyroidism,https://havit-prod-us-east.s3.us-east-1.amazonaws.com/image/actions/image/IMG_CAT_HEALTH.jpg
ART-0771,Health & Conditions,Safe Diet Guide for Thyroid Patients,https://havit-prod-us-east.s3.us-east-1.amazonaws.com/image/actions/image/IMG_SIT_008.jpg
ART-0772,Health & Conditions,Smart Food Selection Methods for Maintaining Thyroid Health,https://havit-prod-us-east.s3.us-east-1.amazonaws.com/image/actions/image/IMG_SIT_008.jpg
ART-0774,Health & Conditions,Are you missing thyroid dysfunction signals?,https://havit-prod-us-east.s3.us-east-1.amazonaws.com/image/actions/image/IMG_SIT_008.jpg
ART-0775,Health & Conditions,How to safely start exercising for thyroid patients,https://havit-prod-us-east.s3.us-east-1.amazonaws.com/image/actions/image/IMG_CAT_HEALTH.jpg
ART-0776,Health & Conditions,The Hidden Truth About PCOS: Insulin Disrupts Hormones,https://havit-prod-us-east.s3.us-east-1.amazonaws.com/image/actions/image/IMG_SIT_008.jpg
ART-0777,Health & Conditions,Comprehensive Weight Management Guide for Women with PCOS,https://havit-prod-us-east.s3.us-east-1.amazonaws.com/image/actions/image/IMG_SIT_008.jpg
ART-0778,Health & Conditions,Low-Carb Diet Guide for PCOS Symptom Relief,https://havit-prod-us-east.s3.us-east-1.amazonaws.com/image/actions/image/IMG_SIT_008.jpg
ART-0779,Health & Conditions,Blood Sugar Stabilizing Food Guide for Women with PCOS,https://havit-prod-us-east.s3.us-east-1.amazonaws.com/image/actions/image/IMG_SIT_008.jpg
ART-0780,Health & Conditions,The Vicious Cycle of PCOS and Weight Gain,https://havit-prod-us-east.s3.us-east-1.amazonaws.com/image/actions/image/IMG_SIT_008.jpg
ART-0781,Health & Conditions,Exercise Strategies for PCOS Symptom Relief,https://havit-prod-us-east.s3.us-east-1.amazonaws.com/image/actions/image/IMG_SIT_008.jpg
ART-0782,Health & Conditions,Self-monitoring methods for tracking PCOS symptom changes,https://havit-prod-us-east.s3.us-east-1.amazonaws.com/image/actions/image/IMG_CAT_HEALTH.jpg
ART-0800,Health & Conditions,The Hidden Pathway from Obesity to Diabetes,https://havit-prod-us-east.s3.us-east-1.amazonaws.com/image/actions/image/IMG_CAT_HEALTH.jpg
ART-0850,Health & Conditions,When should you resume exercise after a cold?,https://havit-prod-us-east.s3.us-east-1.amazonaws.com/image/actions/image/IMG_SIT_006.jpg
ART-0950,Health & Conditions,Diabetes Risk and Weight Management for South Asians,https://havit-prod-us-east.s3.us-east-1.amazonaws.com/image/actions/image/IMG_CAT_HEALTH.jpg
ART-1079,Health & Conditions,The Hidden Relationship Between Insulin and Weight,https://havit-prod-us-east.s3.us-east-1.amazonaws.com/image/actions/image/IMG_CAT_HEALTH.jpg
ART-1080,Health & Conditions,Leptin and Ghrelin: The Secret to Appetite Hormone Balance,https://havit-prod-us-east.s3.us-east-1.amazonaws.com/image/actions/image/IMG_SIT_008.jpg
ART-1301,Health & Conditions,The True Identity of Hunger: Created by Hormones,https://havit-prod-us-east.s3.us-east-1.amazonaws.com/image/actions/image/IMG_SIT_008.jpg
ART-1350,Health & Conditions,Blood sugar stability is the key to diet success,https://havit-prod-us-east.s3.us-east-1.amazonaws.com/image/actions/image/IMG_CAT_HEALTH.jpg
ART-1352,Health & Conditions,Hormones determine diet success,https://havit-prod-us-east.s3.us-east-1.amazonaws.com/image/actions/image/IMG_SIT_008.jpg
ART-0094,Hydration & Beverages,Hidden Calorie Bombs: The Truth About Dressings and Sauces,https://havit-prod-us-east.s3.us-east-1.amazonaws.com/image/articles/art_0094.jpg
ART-0131,Hydration & Beverages,Drinking Water During Meals: Does It Interfere with Digestion?,https://havit-prod-us-east.s3.us-east-1.amazonaws.com/image/articles/art_0131.jpg
ART-0146,Hydration & Beverages,Coffee Syrups and Creams: Hidden Calorie Bombs,https://havit-prod-us-east.s3.us-east-1.amazonaws.com/image/articles/art_0146.jpg
ART-0147,Hydration & Beverages,Hidden Sugar Traps in Smoothies and Juices,https://havit-prod-us-east.s3.us-east-1.amazonaws.com/image/articles/art_0147.jpg
ART-0324,Hydration & Beverages,5 Optimal Timings for Drinking Water,https://havit-prod-us-east.s3.us-east-1.amazonaws.com/image/actions/image/IMG_HYD_001.jpg
ART-0325,Hydration & Beverages,Healthy alternatives to drink instead of soda and coffee,https://havit-prod-us-east.s3.us-east-1.amazonaws.com/image/actions/image/IMG_HYD_001.jpg
ART-0326,Hydration & Beverages,Practical Habit Methods for Those Who Find Drinking Water Difficult,https://havit-prod-us-east.s3.us-east-1.amazonaws.com/image/actions/image/IMG_HYD_001.jpg
ART-0327,Hydration & Beverages,Can You Lose Weight Just by Drinking Water? The Truth About Hydration and Metabolic Rate,https://havit-prod-us-east.s3.us-east-1.amazonaws.com/image/actions/image/IMG_HYD_001.jpg
ART-0328,Hydration & Beverages,Why drinking water makes your weight appear to increase,https://havit-prod-us-east.s3.us-east-1.amazonaws.com/image/actions/image/IMG_HYD_001.jpg
ART-0330,Hydration & Beverages,The Hidden Reason Water Deficiency Ruins Your Diet,https://havit-prod-us-east.s3.us-east-1.amazonaws.com/image/actions/image/IMG_HYD_001.jpg
ART-0331,Hydration & Beverages,Why is there no effect even though I drink 2L a day,https://havit-prod-us-east.s3.us-east-1.amazonaws.com/image/actions/image/IMG_HYD_001.jpg
ART-0332,Hydration & Beverages,Why weight changes rapidly when swelling goes down,https://havit-prod-us-east.s3.us-east-1.amazonaws.com/image/actions/image/IMG_HYD_001.jpg
ART-0333,Hydration & Beverages,"Salt and water balance, moderation is the answer",https://havit-prod-us-east.s3.us-east-1.amazonaws.com/image/actions/image/IMG_HYD_001.jpg
ART-0334,Hydration & Beverages,8 Glasses of Water a Day: When Should You Drink Them for Maximum Effect,https://havit-prod-us-east.s3.us-east-1.amazonaws.com/image/actions/image/IMG_HYD_001.jpg
ART-0336,Hydration & Beverages,Checking body signals for dehydration,https://havit-prod-us-east.s3.us-east-1.amazonaws.com/image/actions/image/IMG_HYD_001.jpg
ART-0337,Hydration & Beverages,Tackle fake hunger with a glass of water,https://havit-prod-us-east.s3.us-east-1.amazonaws.com/image/actions/image/IMG_HYD_001.jpg
ART-0338,Hydration & Beverages,The Impact of Irregular Water Intake on Your Body,https://havit-prod-us-east.s3.us-east-1.amazonaws.com/image/actions/image/IMG_HYD_001.jpg
ART-0339,Hydration & Beverages,Signals your body sends when you don't want to drink water,https://havit-prod-us-east.s3.us-east-1.amazonaws.com/image/actions/image/IMG_HYD_001.jpg
ART-0340,Hydration & Beverages,"Lifestyle patterns that worsen swelling, check this first",https://havit-prod-us-east.s3.us-east-1.amazonaws.com/image/actions/image/IMG_HYD_001.jpg
ART-0341,Hydration & Beverages,The Hidden Mechanism of How Water Deficiency Causes Fatigue,https://havit-prod-us-east.s3.us-east-1.amazonaws.com/image/actions/image/IMG_HYD_001.jpg
ART-0342,Hydration & Beverages,Your weight increased after drinking water?,https://havit-prod-us-east.s3.us-east-1.amazonaws.com/image/actions/image/IMG_HYD_001.jpg
ART-0343,Hydration & Beverages,Is 2L per day too much? Realistic hydration methods,https://havit-prod-us-east.s3.us-east-1.amazonaws.com/image/actions/image/IMG_HYD_001.jpg
ART-0344,Hydration & Beverages,The timing of drinking water determines weight loss,https://havit-prod-us-east.s3.us-east-1.amazonaws.com/image/actions/image/IMG_HYD_001.jpg
ART-0346,Hydration & Beverages,Scientific Secret to Conquering False Hunger with a Glass of Water,https://havit-prod-us-east.s3.us-east-1.amazonaws.com/image/actions/image/IMG_HYD_001.jpg
ART-0347,Hydration & Beverages,Amazing Changes That Occur in Your Body with Adequate Water Intake,https://havit-prod-us-east.s3.us-east-1.amazonaws.com/image/actions/image/IMG_HYD_001.jpg
ART-0543,Hydration & Beverages,The Truth About Juice Cleanses: Detox vs Water Loss,https://havit-prod-us-east.s3.us-east-1.amazonaws.com/image/actions/image/IMG_HYD_001.jpg
ART-0569,Hydration & Beverages,Chef's Diet Success Secrets,https://havit-prod-us-east.s3.us-east-1.amazonaws.com/image/actions/image/IMG_CAT_HYD.jpg
ART-0578,Hydration & Beverages,Smart Hydration Management for Outdoor Workers,https://havit-prod-us-east.s3.us-east-1.amazonaws.com/image/actions/image/IMG_HYD_001.jpg
ART-0980,Hydration & Beverages,Complete Guide to Beverages You Can Drink During Intermittent Fasting,https://havit-prod-us-east.s3.us-east-1.amazonaws.com/image/actions/image/IMG_HYD_001.jpg
ART-1086,Hydration & Beverages,The Truth About Scale Numbers: The Illusion Created by Water,https://havit-prod-us-east.s3.us-east-1.amazonaws.com/image/actions/image/IMG_HYD_001.jpg
ART-1103,Hydration & Beverages,Do detox juices have weight loss effects?,https://havit-prod-us-east.s3.us-east-1.amazonaws.com/image/actions/image/IMG_HYD_005.jpg
ART-1143,Hydration & Beverages,Having trouble quitting soda? 5 healthy alternatives,https://havit-prod-us-east.s3.us-east-1.amazonaws.com/image/actions/image/IMG_HYD_008.jpg
ART-1144,Hydration & Beverages,Instead of Energy Drinks! 5 Healthy Alternative Beverages,https://havit-prod-us-east.s3.us-east-1.amazonaws.com/image/actions/image/IMG_CAT_HYD.jpg
ART-1146,Hydration & Beverages,Are Zero-Calorie Drinks Really Safe?,https://havit-prod-us-east.s3.us-east-1.amazonaws.com/image/actions/image/IMG_HYD_008.jpg
ART-1148,Hydration & Beverages,Smart Coffee Ordering Guide for Dieters,https://havit-prod-us-east.s3.us-east-1.amazonaws.com/image/actions/image/IMG_HYD_002.jpg
ART-1149,Hydration & Beverages,Smart Customization to Reduce Cafe Drink Calories by 50%,https://havit-prod-us-east.s3.us-east-1.amazonaws.com/image/actions/image/IMG_CAT_HYD.jpg
ART-1152,Hydration & Beverages,Top 5 Night Drinks for Better Sleep,https://havit-prod-us-east.s3.us-east-1.amazonaws.com/image/actions/image/IMG_HYD_001.jpg
ART-1227,Hydration & Beverages,The Hidden Impact of Body Water Content on Weight Changes,https://havit-prod-us-east.s3.us-east-1.amazonaws.com/image/actions/image/IMG_HYD_001.jpg
ART-1341,Hydration & Beverages,Why caffeine worsens swelling,https://havit-prod-us-east.s3.us-east-1.amazonaws.com/image/actions/image/IMG_HYD_001.jpg
ART-1361,Hydration & Beverages,The Surprising Impact of a Cup of Coffee on Appetite and Sleep,https://havit-prod-us-east.s3.us-east-1.amazonaws.com/image/actions/image/IMG_HYD_002.jpg
ART-1367,Hydration & Beverages,Diuretic Effects and Dehydration: Your Body's Warning Signals,https://havit-prod-us-east.s3.us-east-1.amazonaws.com/image/actions/image/IMG_HYD_001.jpg
ART-0041,Lifestyle Habits,How to Calculate My Daily Protein Target,https://havit-prod-us-east.s3.us-east-1.amazonaws.com/image/articles/art_0041.jpg
ART-0050,Lifestyle Habits,3 Signs That Muscle Loss Is Starting,https://havit-prod-us-east.s3.us-east-1.amazonaws.com/image/articles/art_0050.jpg
ART-0051,Lifestyle Habits,The Real Reason Why Daily Protein Goals Matter,https://havit-prod-us-east.s3.us-east-1.amazonaws.com/image/articles/art_0051.jpg
ART-0060,Lifestyle Habits,How to Easily Structure Your Diet to Meet Protein Goals,https://havit-prod-us-east.s3.us-east-1.amazonaws.com/image/articles/art_0060.jpg
ART-0066,Lifestyle Habits,What to do the next day when you miss your protein goal,https://havit-prod-us-east.s3.us-east-1.amazonaws.com/image/articles/art_0066.jpg
ART-0069,Lifestyle Habits,3 Steps to Make Protein Intake a Natural Habit,https://havit-prod-us-east.s3.us-east-1.amazonaws.com/image/articles/art_0069.jpg
ART-0087,Lifestyle Habits,5 Lifestyle Habits to Prevent Blood Sugar Spikes,https://havit-prod-us-east.s3.us-east-1.amazonaws.com/image/articles/art_0087.jpg
ART-0114,Lifestyle Habits,Practical strategies to easily meet your 25g fiber goal,https://havit-prod-us-east.s3.us-east-1.amazonaws.com/image/articles/art_0114.jpg
ART-0170,Lifestyle Habits,Small changes to transform environments that trigger binge eating,https://havit-prod-us-east.s3.us-east-1.amazonaws.com/image/articles/art_0170.jpg
ART-0178,Lifestyle Habits,Essential Starting Guide for Fasting Beginners,https://havit-prod-us-east.s3.us-east-1.amazonaws.com/image/articles/art_0178.jpg
ART-0224,Lifestyle Habits,Daily NEAT Increase Checklist,https://havit-prod-us-east.s3.us-east-1.amazonaws.com/image/actions/image/IMG_NEAT_003.jpg
ART-0232,Lifestyle Habits,Bouncing Back the Next Day After Missing Your NEAT Goal,https://havit-prod-us-east.s3.us-east-1.amazonaws.com/image/actions/image/IMG_NEAT_003.jpg
ART-0234,Lifestyle Habits,Amazing Metabolic Changes from Small Movements,https://havit-prod-us-east.s3.us-east-1.amazonaws.com/image/actions/image/IMG_NEAT_003.jpg
ART-0366,Lifestyle Habits,The 1% Action Method: Changing 'Starting Tomorrow' to 'Starting Now',https://havit-prod-us-east.s3.us-east-1.amazonaws.com/image/actions/image/IMG_CAT_LIFE.jpg
ART-0367,Lifestyle Habits,The Real Reason Behind Repeated Three-Day Resolutions and How to Fix It,https://havit-prod-us-east.s3.us-east-1.amazonaws.com/image/actions/image/IMG_MIND_010.jpg
ART-0379,Lifestyle Habits,Why Comparing Yourself to Others Ruins Your Diet,https://havit-prod-us-east.s3.us-east-1.amazonaws.com/image/actions/image/IMG_MIND_010.jpg
ART-0388,Lifestyle Habits,Mind Management Techniques to Break the Vicious Cycle of Self-Criticism,https://havit-prod-us-east.s3.us-east-1.amazonaws.com/image/actions/image/IMG_CAT_LIFE.jpg
ART-0390,Lifestyle Habits,Small connections are more important than a perfect restart,https://havit-prod-us-east.s3.us-east-1.amazonaws.com/image/actions/image/IMG_MIND_010.jpg
ART-0435,Lifestyle Habits,Creating an Environment That Supports Your Diet,https://havit-prod-us-east.s3.us-east-1.amazonaws.com/image/actions/image/IMG_MIND_010.jpg
ART-0445,Lifestyle Habits,Why 30 Minutes in the Morning Determines Your Entire Day's Diet,https://havit-prod-us-east.s3.us-east-1.amazonaws.com/image/actions/image/IMG_MIND_010.jpg
ART-0448,Lifestyle Habits,The Science of Recording That Changes Your Brain with Habit Tracker,https://havit-prod-us-east.s3.us-east-1.amazonaws.com/image/actions/image/IMG_MIND_010.jpg
ART-0449,Lifestyle Habits,Building Healthy Habits with Early Morning Fasting Routine,https://havit-prod-us-east.s3.us-east-1.amazonaws.com/image/actions/image/IMG_MIND_010.jpg
ART-0450,Lifestyle Habits,30-Day Habit Change Project: Small Changes Create Big Miracles,https://havit-prod-us-east.s3.us-east-1.amazonaws.com/image/actions/image/IMG_MIND_010.jpg
ART-0451,Lifestyle Habits,"Regular meal times, sync your body's clock",https://havit-prod-us-east.s3.us-east-1.amazonaws.com/image/actions/image/IMG_MIND_010.jpg
ART-0452,Lifestyle Habits,How to Build Healthy Habits During Your Commute,https://havit-prod-us-east.s3.us-east-1.amazonaws.com/image/actions/image/IMG_NEAT_004.jpg
ART-0453,Lifestyle Habits,Rebuilding Broken Habits in 3 Steps,https://havit-prod-us-east.s3.us-east-1.amazonaws.com/image/actions/image/IMG_MIND_010.jpg
ART-0454,Lifestyle Habits,The Secret of Big Changes Made by Small Habits,https://havit-prod-us-east.s3.us-east-1.amazonaws.com/image/actions/image/IMG_MIND_010.jpg
ART-0455,Lifestyle Habits,Scientific Principles and Practices of Habit Formation,https://havit-prod-us-east.s3.us-east-1.amazonaws.com/image/actions/image/IMG_MIND_010.jpg
ART-0456,Lifestyle Habits,Health Habits on the Brink of Collapse! 5 Warning Signs You Can't Miss,https://havit-prod-us-east.s3.us-east-1.amazonaws.com/image/actions/image/IMG_MIND_010.jpg
ART-0457,Lifestyle Habits,Building healthy habits that stay strong even on special days,https://havit-prod-us-east.s3.us-east-1.amazonaws.com/image/actions/image/IMG_MIND_010.jpg
ART-0458,Lifestyle Habits,How to maintain healthy habits during vacation,https://havit-prod-us-east.s3.us-east-1.amazonaws.com/image/actions/image/IMG_MIND_010.jpg
ART-0459,Lifestyle Habits,How to Maintain Healthy Routines During the Holidays,https://havit-prod-us-east.s3.us-east-1.amazonaws.com/image/actions/image/IMG_MIND_010.jpg
ART-0460,Lifestyle Habits,The Real Time It Takes for Habits to Become Automatic,https://havit-prod-us-east.s3.us-east-1.amazonaws.com/image/actions/image/IMG_MIND_010.jpg
ART-0461,Lifestyle Habits,Quick Recovery Methods When Your Routine Gets Disrupted,https://havit-prod-us-east.s3.us-east-1.amazonaws.com/image/actions/image/IMG_MIND_010.jpg
ART-0462,Lifestyle Habits,The Best Timing to Start New Habits,https://havit-prod-us-east.s3.us-east-1.amazonaws.com/image/actions/image/IMG_MIND_010.jpg
ART-0463,Lifestyle Habits,Hidden Patterns of People Who Can't Maintain Habits,https://havit-prod-us-east.s3.us-east-1.amazonaws.com/image/actions/image/IMG_MIND_010.jpg
ART-0464,Lifestyle Habits,Environmental Design Methods for Naturally Sustained Habits,https://havit-prod-us-east.s3.us-east-1.amazonaws.com/image/actions/image/IMG_MIND_010.jpg
ART-0465,Lifestyle Habits,Why High Goals Ruin Habits,https://havit-prod-us-east.s3.us-east-1.amazonaws.com/image/actions/image/IMG_MIND_010.jpg
ART-0466,Lifestyle Habits,Why the Brain Changes When Habits Become Automated,https://havit-prod-us-east.s3.us-east-1.amazonaws.com/image/actions/image/IMG_MIND_010.jpg
ART-0467,Lifestyle Habits,The Scientific Secret of Building Habits with Checklists,https://havit-prod-us-east.s3.us-east-1.amazonaws.com/image/actions/image/IMG_MIND_010.jpg
ART-0469,Lifestyle Habits,Building a Mind That Doesn't Waver with Weight Fluctuations,https://havit-prod-us-east.s3.us-east-1.amazonaws.com/image/actions/image/IMG_CAT_LIFE.jpg
ART-0471,Lifestyle Habits,The Real Health Signals Hidden Behind Scale Numbers,https://havit-prod-us-east.s3.us-east-1.amazonaws.com/image/actions/image/IMG_MIND_010.jpg
ART-0474,Lifestyle Habits,How to Read the Hidden Patterns of Weight Fluctuation,https://havit-prod-us-east.s3.us-east-1.amazonaws.com/image/actions/image/IMG_CAT_LIFE.jpg
ART-0506,Lifestyle Habits,Why Specific Goals Lead to Weight Loss Plateaus,https://havit-prod-us-east.s3.us-east-1.amazonaws.com/image/actions/image/IMG_CAT_LIFE.jpg
ART-0556,Lifestyle Habits,5 Habits That Successful Dieters Practice in Common,https://havit-prod-us-east.s3.us-east-1.amazonaws.com/image/actions/image/IMG_MIND_010.jpg
ART-0566,Lifestyle Habits,Designing a Healthy Remote Work Routine,https://havit-prod-us-east.s3.us-east-1.amazonaws.com/image/actions/image/IMG_MIND_010.jpg
ART-0581,Lifestyle Habits,Creating a Healthy Daily Routine After Retirement,https://havit-prod-us-east.s3.us-east-1.amazonaws.com/image/actions/image/IMG_CAT_LIFE.jpg
ART-0582,Lifestyle Habits,Managing Freelancer's Irregular Lifestyle Patterns in a Healthy Way,https://havit-prod-us-east.s3.us-east-1.amazonaws.com/image/actions/image/IMG_MIND_010.jpg
ART-0615,Lifestyle Habits,Why couple diets have higher success rates,https://havit-prod-us-east.s3.us-east-1.amazonaws.com/image/actions/image/IMG_CAT_LIFE.jpg
ART-0617,Lifestyle Habits,How to Healthily Compromise with a Partner Who Has Different Eating Habits,https://havit-prod-us-east.s3.us-east-1.amazonaws.com/image/actions/image/IMG_MIND_010.jpg
ART-0628,Lifestyle Habits,Building Lifelong Healthy Eating Habits with Your Child,https://havit-prod-us-east.s3.us-east-1.amazonaws.com/image/actions/image/IMG_MIND_010.jpg
ART-0637,Lifestyle Habits,Natural Ways to Lower the Stress Hormone Cortisol,https://havit-prod-us-east.s3.us-east-1.amazonaws.com/image/actions/image/IMG_MIND_010.jpg
ART-0651,Lifestyle Habits,How to Break Unconscious Snacking Habits While Gaming,https://havit-prod-us-east.s3.us-east-1.amazonaws.com/image/actions/image/IMG_MIND_010.jpg
ART-0652,Lifestyle Habits,How to Break the Sweet Temptation of Netflix and Late-Night Snacking,https://havit-prod-us-east.s3.us-east-1.amazonaws.com/image/actions/image/IMG_MIND_010.jpg
ART-0654,Lifestyle Habits,Reducing screen time changes your appetite,https://havit-prod-us-east.s3.us-east-1.amazonaws.com/image/actions/image/IMG_MIND_010.jpg
ART-0659,Lifestyle Habits,How Your Kitchen Environment Changes Your Eating Habits,https://havit-prod-us-east.s3.us-east-1.amazonaws.com/image/actions/image/IMG_MIND_010.jpg
ART-0660,Lifestyle Habits,Kitchen Layout Methods That Make Healthy Choices Natural,https://havit-prod-us-east.s3.us-east-1.amazonaws.com/image/actions/image/IMG_MIND_010.jpg
ART-0663,Lifestyle Habits,Natural portion control starting with small bowls,https://havit-prod-us-east.s3.us-east-1.amazonaws.com/image/actions/image/IMG_MIND_010.jpg
ART-0665,Lifestyle Habits,The Real Reason Why You Gain Weight When Eating While Watching TV,https://havit-prod-us-east.s3.us-east-1.amazonaws.com/image/actions/image/IMG_MIND_010.jpg
ART-0666,Lifestyle Habits,How to Create a Healthy Office Snack Environment,https://havit-prod-us-east.s3.us-east-1.amazonaws.com/image/actions/image/IMG_SIT_001.jpg
ART-0667,Lifestyle Habits,Creating an Effective Home Gym Workout Space with Minimal Equipment,https://havit-prod-us-east.s3.us-east-1.amazonaws.com/image/actions/image/IMG_CAT_LIFE.jpg
ART-0669,Lifestyle Habits,How to Design Your Shopping Route for Healthy Choices at the Grocery Store,https://havit-prod-us-east.s3.us-east-1.amazonaws.com/image/actions/image/IMG_CAT_LIFE.jpg
ART-0671,Lifestyle Habits,Why Organizing Your Refrigerator Changes Your Eating Habits,https://havit-prod-us-east.s3.us-east-1.amazonaws.com/image/actions/image/IMG_CAT_LIFE.jpg
ART-0672,Lifestyle Habits,How to Work Healthily with a Standing Desk,https://havit-prod-us-east.s3.us-east-1.amazonaws.com/image/actions/image/IMG_CAT_LIFE.jpg
ART-0673,Lifestyle Habits,The Science of Healthy Choices Created by Environment,https://havit-prod-us-east.s3.us-east-1.amazonaws.com/image/actions/image/IMG_MIND_010.jpg
ART-0674,Lifestyle Habits,The Scientific Reason Why SMART Goal Setting Changes Your Brain,https://havit-prod-us-east.s3.us-east-1.amazonaws.com/image/actions/image/IMG_MIND_010.jpg
ART-0676,Lifestyle Habits,Why behavioral goals have higher success rates than outcome goals,https://havit-prod-us-east.s3.us-east-1.amazonaws.com/image/actions/image/IMG_CAT_LIFE.jpg
ART-0677,Lifestyle Habits,Drawing your goals increases the probability of achieving them,https://havit-prod-us-east.s3.us-east-1.amazonaws.com/image/actions/image/IMG_CAT_LIFE.jpg
ART-0678,Lifestyle Habits,Why Small Achievements Create Big Changes,https://havit-prod-us-east.s3.us-east-1.amazonaws.com/image/actions/image/IMG_MIND_010.jpg
ART-0679,Lifestyle Habits,The Right Way to Celebrate Small Successes,https://havit-prod-us-east.s3.us-east-1.amazonaws.com/image/actions/image/IMG_CAT_LIFE.jpg
ART-0681,Lifestyle Habits,Signs When You Need to Reset Your Goals,https://havit-prod-us-east.s3.us-east-1.amazonaws.com/image/actions/image/IMG_CAT_LIFE.jpg
ART-0682,Lifestyle Habits,Failure is just information,https://havit-prod-us-east.s3.us-east-1.amazonaws.com/image/actions/image/IMG_MIND_010.jpg
ART-0683,Lifestyle Habits,Why Small Goals Create Big Changes,https://havit-prod-us-east.s3.us-east-1.amazonaws.com/image/actions/image/IMG_MIND_010.jpg
ART-0684,Lifestyle Habits,How to Turn Health Goals into Reality with a Vision Board,https://havit-prod-us-east.s3.us-east-1.amazonaws.com/image/actions/image/IMG_MIND_010.jpg
ART-0685,Lifestyle Habits,Creating a Healthy Me with Weekly Check-ins,https://havit-prod-us-east.s3.us-east-1.amazonaws.com/image/actions/image/IMG_MIND_010.jpg
ART-0704,Lifestyle Habits,"Failure is not the end, but a new starting point",https://havit-prod-us-east.s3.us-east-1.amazonaws.com/image/actions/image/IMG_MIND_010.jpg
ART-0705,Lifestyle Habits,3-Step Restart Method to Turn Failed Diets into Success,https://havit-prod-us-east.s3.us-east-1.amazonaws.com/image/actions/image/IMG_CAT_LIFE.jpg
ART-0714,Lifestyle Habits,Health Habit Restart Pre-Check Checklist,https://havit-prod-us-east.s3.us-east-1.amazonaws.com/image/actions/image/IMG_CAT_LIFE.jpg
ART-0717,Lifestyle Habits,"Building healthy routines, one step at a time",https://havit-prod-us-east.s3.us-east-1.amazonaws.com/image/actions/image/IMG_MIND_010.jpg
ART-0727,Lifestyle Habits,How Past Wounds Affect Your Current Dining Table,https://havit-prod-us-east.s3.us-east-1.amazonaws.com/image/actions/image/IMG_MIND_010.jpg
ART-0732,Lifestyle Habits,How to Break the Habit of Eating Automatically When Bored,https://havit-prod-us-east.s3.us-east-1.amazonaws.com/image/actions/image/IMG_MIND_010.jpg
ART-0797,Lifestyle Habits,Setting realistic goals when starting from an overweight state,https://havit-prod-us-east.s3.us-east-1.amazonaws.com/image/actions/image/IMG_CAT_LIFE.jpg
ART-0810,Lifestyle Habits,Signs that muscle loss is starting during cutting,https://havit-prod-us-east.s3.us-east-1.amazonaws.com/image/actions/image/IMG_CAT_LIFE.jpg
ART-0821,Lifestyle Habits,Signs that weight is starting to increase again during the maintenance phase,https://havit-prod-us-east.s3.us-east-1.amazonaws.com/image/actions/image/IMG_CAT_LIFE.jpg
ART-0824,Lifestyle Habits,Getting Started with HAVIT: Complete First Week Guide,https://havit-prod-us-east.s3.us-east-1.amazonaws.com/image/actions/image/IMG_CAT_LIFE.jpg
ART-0826,Lifestyle Habits,Daily missions: Do this to triple your success rate,https://havit-prod-us-east.s3.us-east-1.amazonaws.com/image/actions/image/IMG_CAT_LIFE.jpg
ART-0831,Lifestyle Habits,Setting My Own Weekly Goals,https://havit-prod-us-east.s3.us-east-1.amazonaws.com/image/actions/image/IMG_CAT_LIFE.jpg
ART-0832,Lifestyle Habits,Why the First 2 Weeks Are Most Important for Healthy Habits,https://havit-prod-us-east.s3.us-east-1.amazonaws.com/image/actions/image/IMG_MIND_010.jpg
ART-0834,Lifestyle Habits,Health Status Checklist Before Starting Diet,https://havit-prod-us-east.s3.us-east-1.amazonaws.com/image/actions/image/IMG_CAT_LIFE.jpg
ART-0837,Lifestyle Habits,Building habits starting with 30 minutes a day,https://havit-prod-us-east.s3.us-east-1.amazonaws.com/image/actions/image/IMG_MIND_010.jpg
ART-0843,Lifestyle Habits,Analyzing and Addressing Causes of Weeks Below Target,https://havit-prod-us-east.s3.us-east-1.amazonaws.com/image/actions/image/IMG_CAT_LIFE.jpg
ART-0860,Lifestyle Habits,The Scientific Principles of How Streaks Affect Habit Formation,https://havit-prod-us-east.s3.us-east-1.amazonaws.com/image/actions/image/IMG_MIND_010.jpg
ART-0861,Lifestyle Habits,The Power of Small Changes to Increase Your Habit Score,https://havit-prod-us-east.s3.us-east-1.amazonaws.com/image/actions/image/IMG_MIND_010.jpg
ART-0873,Lifestyle Habits,Complete Guide to Postpartum Diet: When Should You Start?,https://havit-prod-us-east.s3.us-east-1.amazonaws.com/image/actions/image/IMG_CAT_LIFE.jpg
ART-0879,Lifestyle Habits,Natural Testosterone Boosting Lifestyle Habits,https://havit-prod-us-east.s3.us-east-1.amazonaws.com/image/actions/image/IMG_MIND_010.jpg
ART-0886,Lifestyle Habits,Creating Healthy Changes Through Habit Loop Hacking,https://havit-prod-us-east.s3.us-east-1.amazonaws.com/image/actions/image/IMG_MIND_010.jpg
ART-0896,Lifestyle Habits,Rewrite your goals using the framing effect,https://havit-prod-us-east.s3.us-east-1.amazonaws.com/image/actions/image/IMG_CAT_LIFE.jpg
ART-0942,Lifestyle Habits,Finding Deep Rest Through Evening Digital Detox,https://havit-prod-us-east.s3.us-east-1.amazonaws.com/image/actions/image/IMG_MIND_010.jpg
ART-0974,Lifestyle Habits,Complete Intermittent Fasting Starter Guide,https://havit-prod-us-east.s3.us-east-1.amazonaws.com/image/actions/image/IMG_CAT_LIFE.jpg
ART-0976,Lifestyle Habits,14:10 Intermittent Fasting Beginner's Start Guide,https://havit-prod-us-east.s3.us-east-1.amazonaws.com/image/actions/image/IMG_CAT_LIFE.jpg
ART-1044,Lifestyle Habits,Starting a healthy week with Sunday preparation routine,https://havit-prod-us-east.s3.us-east-1.amazonaws.com/image/actions/image/IMG_MIND_010.jpg
ART-1071,Lifestyle Habits,Don't miss the golden time for goal resetting,https://havit-prod-us-east.s3.us-east-1.amazonaws.com/image/actions/image/IMG_CAT_LIFE.jpg
ART-1154,Lifestyle Habits,4-Week Exercise Program Starting from Zero Fitness,https://havit-prod-us-east.s3.us-east-1.amazonaws.com/image/actions/image/IMG_CAT_LIFE.jpg
ART-1166,Lifestyle Habits,Complete Full-Body Home Training with Just One Dumbbell,https://havit-prod-us-east.s3.us-east-1.amazonaws.com/image/actions/image/IMG_MIND_010.jpg
ART-1175,Lifestyle Habits,Tight hamstrings? 3 minutes is enough,https://havit-prod-us-east.s3.us-east-1.amazonaws.com/image/actions/image/IMG_MIND_010.jpg
ART-1184,Lifestyle Habits,5-Minute Daily Routine for Perfect Posture,https://havit-prod-us-east.s3.us-east-1.amazonaws.com/image/actions/image/IMG_MIND_010.jpg
ART-1204,Lifestyle Habits,Accurate Diet Management with Kitchen Scale,https://havit-prod-us-east.s3.us-east-1.amazonaws.com/image/actions/image/IMG_CAT_LIFE.jpg
ART-1205,Lifestyle Habits,Healthy Home Cooking Starting with Air Fryer,https://havit-prod-us-east.s3.us-east-1.amazonaws.com/image/actions/image/IMG_CAT_LIFE.jpg
ART-1206,Lifestyle Habits,Healthy Cooking Methods to Preserve Nutrients with Microwave,https://havit-prod-us-east.s3.us-east-1.amazonaws.com/image/actions/image/IMG_CAT_LIFE.jpg
ART-1209,Lifestyle Habits,"Healthy Kitchen, Starting Point of Healthy Eating Habits",https://havit-prod-us-east.s3.us-east-1.amazonaws.com/image/actions/image/IMG_CAT_LIFE.jpg
ART-1237,Lifestyle Habits,"A lifestyle revolution, not a diet",https://havit-prod-us-east.s3.us-east-1.amazonaws.com/image/actions/image/IMG_MIND_010.jpg
ART-1240,Lifestyle Habits,Building Lifelong Healthy Eating Habits,https://havit-prod-us-east.s3.us-east-1.amazonaws.com/image/actions/image/IMG_MIND_010.jpg
ART-1242,Lifestyle Habits,Let Go of Perfectionism and Succeed with Flexible Dieting,https://havit-prod-us-east.s3.us-east-1.amazonaws.com/image/actions/image/IMG_CAT_LIFE.jpg
ART-1243,Lifestyle Habits,Sustaining Habits with the 80/20 Rule,https://havit-prod-us-east.s3.us-east-1.amazonaws.com/image/actions/image/IMG_MIND_010.jpg
ART-1244,Lifestyle Habits,Creating a Healthy Identity to Break Through Plateaus,https://havit-prod-us-east.s3.us-east-1.amazonaws.com/image/actions/image/IMG_CAT_LIFE.jpg
ART-1269,Lifestyle Habits,Customized meal plan completed with macro ratios by goal,https://havit-prod-us-east.s3.us-east-1.amazonaws.com/image/actions/image/IMG_CAT_LIFE.jpg
ART-1275,Lifestyle Habits,"The miracle of thorough chewing habits, 30 times is the answer",https://havit-prod-us-east.s3.us-east-1.amazonaws.com/image/actions/image/IMG_MIND_010.jpg
ART-1343,Lifestyle Habits,The Magic of Bowl Size: Creating Healthy Eating Habits with Small Changes,https://havit-prod-us-east.s3.us-east-1.amazonaws.com/image/actions/image/IMG_MIND_010.jpg
ART-1344,Lifestyle Habits,Creating a Kitchen Environment That Prevents Weight Gain,https://havit-prod-us-east.s3.us-east-1.amazonaws.com/image/actions/image/IMG_CAT_LIFE.jpg
ART-1345,Lifestyle Habits,The Scientific Reason You Should Step on the Scale Every Day,https://havit-prod-us-east.s3.us-east-1.amazonaws.com/image/actions/image/IMG_MIND_010.jpg
ART-1346,Lifestyle Habits,The Secret to Building Habits: Environment is the Answer,https://havit-prod-us-east.s3.us-east-1.amazonaws.com/image/actions/image/IMG_MIND_010.jpg
ART-1368,Lifestyle Habits,Body That Changes as You Dream: Healthy Transformation Created by the Mind,https://havit-prod-us-east.s3.us-east-1.amazonaws.com/image/actions/image/IMG_CAT_LIFE.jpg
ART-1412,Lifestyle Habits,Is Your Scale Lying? Accurate Weight Measurement Methods,https://havit-prod-us-east.s3.us-east-1.amazonaws.com/image/actions/image/IMG_CAT_LIFE.jpg
ART-1421,Lifestyle Habits,Simple habits to naturally encourage morning bowel movements,https://havit-prod-us-east.s3.us-east-1.amazonaws.com/image/actions/image/IMG_MIND_010.jpg
ART-0001,Medication Guide,GLP-1 Injection: Complete Guide to Proper Administration,https://havit-prod-us-east.s3.us-east-1.amazonaws.com/image/articles/art_0001.jpg
ART-0002,Medication Guide,Wegovy and Saxenda: Proper storage methods determine effectiveness,https://havit-prod-us-east.s3.us-east-1.amazonaws.com/image/articles/art_0002.jpg
ART-0003,Medication Guide,Complete Guide to Managing Injection Site Reactions,https://havit-prod-us-east.s3.us-east-1.amazonaws.com/image/articles/art_0003.jpg
ART-0004,Medication Guide,Why you should rotate injection sites,https://havit-prod-us-east.s3.us-east-1.amazonaws.com/image/articles/art_0004.jpg
ART-0005,Medication Guide,"Pen-type syringe vs vial, which is the right choice for me",https://havit-prod-us-east.s3.us-east-1.amazonaws.com/image/articles/art_0005.jpg
ART-0006,Medication Guide,Overcoming nausea from GLP-1 medications,https://havit-prod-us-east.s3.us-east-1.amazonaws.com/image/articles/art_0006.jpg
ART-0007,Medication Guide,"Constipation while taking medication, natural ways to resolve it",https://havit-prod-us-east.s3.us-east-1.amazonaws.com/image/articles/art_0007.jpg
ART-0008,Medication Guide,Drug Side Effect Diarrhea: When Should You Go to the Hospital,https://havit-prod-us-east.s3.us-east-1.amazonaws.com/image/articles/art_0008.jpg
ART-0009,Medication Guide,How to manage hypoglycemia symptoms while taking medication,https://havit-prod-us-east.s3.us-east-1.amazonaws.com/image/articles/art_0009.jpg
ART-0010,Medication Guide,Causes and Solutions for Fatigue While Taking GLP-1,https://havit-prod-us-east.s3.us-east-1.amazonaws.com/image/articles/art_0010.jpg
ART-0011,Medication Guide,How to Manage Headaches While Taking GLP-1 Medication,https://havit-prod-us-east.s3.us-east-1.amazonaws.com/image/articles/art_0011.jpg
ART-0012,Medication Guide,How to relieve GLP-1 medication indigestion,https://havit-prod-us-east.s3.us-east-1.amazonaws.com/image/articles/art_0012.jpg
ART-0013,Medication Guide,Why should medication dosage be increased gradually?,https://havit-prod-us-east.s3.us-east-1.amazonaws.com/image/articles/art_0013.jpg
ART-0014,Medication Guide,Weekly vs Daily: Finding the Right Dosing Schedule for You,https://havit-prod-us-east.s3.us-east-1.amazonaws.com/image/articles/art_0014.jpg
ART-0015,Medication Guide,What to do when you forget your injection,https://havit-prod-us-east.s3.us-east-1.amazonaws.com/image/articles/art_0015.jpg
ART-0016,Medication Guide,Smart Ways to Never Forget Taking Your Medication,https://havit-prod-us-east.s3.us-east-1.amazonaws.com/image/articles/art_0016.jpg
ART-0017,Medication Guide,Checklist for Determining GLP-1 Medication Dose Adjustment Timing,https://havit-prod-us-east.s3.us-east-1.amazonaws.com/image/articles/art_0017.jpg
ART-0021,Medication Guide,Smart Food Choices to Enhance Medication Effectiveness,https://havit-prod-us-east.s3.us-east-1.amazonaws.com/image/articles/art_0021.jpg
ART-0023,Medication Guide,Don't Miss Warning Signs of Drug Side Effects,https://havit-prod-us-east.s3.us-east-1.amazonaws.com/image/articles/art_0023.jpg
ART-0024,Medication Guide,Learn About Rare Side Effects of GLP-1 Medications in Advance,https://havit-prod-us-east.s3.us-east-1.amazonaws.com/image/articles/art_0024.jpg
ART-0025,Medication Guide,How to manage medications in special situations,https://havit-prod-us-east.s3.us-east-1.amazonaws.com/image/articles/art_0025.jpg
ART-0026,Medication Guide,Safe Management with Drug Interaction Checklist,https://havit-prod-us-east.s3.us-east-1.amazonaws.com/image/articles/art_0026.jpg
ART-0027,Medication Guide,Precautions for Regular Check-ups While Taking GLP-1 Medications,https://havit-prod-us-east.s3.us-east-1.amazonaws.com/image/articles/art_0027.jpg
ART-0028,Medication Guide,Why medication alone is not enough,https://havit-prod-us-east.s3.us-east-1.amazonaws.com/image/articles/art_0028.jpg
ART-0029,Medication Guide,"Medication is a supplement, real change starts with habits",https://havit-prod-us-east.s3.us-east-1.amazonaws.com/image/articles/art_0029.jpg
ART-0030,Medication Guide,How to maintain weight after stopping medication,https://havit-prod-us-east.s3.us-east-1.amazonaws.com/image/articles/art_0030.jpg
ART-0031,Medication Guide,Healthy Mindset for Long-term GLP-1 Medication Use,https://havit-prod-us-east.s3.us-east-1.amazonaws.com/image/articles/art_0031.jpg
ART-0544,Medication Guide,"GLP-1 obesity medication, is it right for me?",https://havit-prod-us-east.s3.us-east-1.amazonaws.com/image/actions/image/IMG_MED_001.jpg
ART-0593,Medication Guide,Drug-Food Interactions: Essential Knowledge to Protect Your Life,https://havit-prod-us-east.s3.us-east-1.amazonaws.com/image/actions/image/IMG_MED_007.jpg
ART-0748,Medication Guide,Why hydration management is important when combining diabetes medication with GLP-1,https://havit-prod-us-east.s3.us-east-1.amazonaws.com/image/actions/image/IMG_MED_001.jpg
ART-0773,Medication Guide,Thyroid Medication: Avoid These Things,https://havit-prod-us-east.s3.us-east-1.amazonaws.com/image/actions/image/IMG_MED_007.jpg
ART-0811,Medication Guide,Changes that occur in the body during early GLP-1 medication weight loss,https://havit-prod-us-east.s3.us-east-1.amazonaws.com/image/actions/image/IMG_MED_001.jpg
ART-0812,Medication Guide,Protein Intake Methods for Muscle Protection During Weight Loss Medication,https://havit-prod-us-east.s3.us-east-1.amazonaws.com/image/actions/image/IMG_MED_009.jpg
ART-0813,Medication Guide,Why muscle loss is faster during medication use,https://havit-prod-us-east.s3.us-east-1.amazonaws.com/image/actions/image/IMG_CAT_MED.jpg
ART-0814,Medication Guide,Emergency response for severe drug side effects,https://havit-prod-us-east.s3.us-east-1.amazonaws.com/image/actions/image/IMG_CAT_MED.jpg
ART-0815,Medication Guide,How to Adjust Exercise Intensity During Medication Reduction,https://havit-prod-us-east.s3.us-east-1.amazonaws.com/image/actions/image/IMG_MED_009.jpg
ART-0816,Medication Guide,Check for Signs of Reduced Drug Effectiveness,https://havit-prod-us-east.s3.us-east-1.amazonaws.com/image/actions/image/IMG_CAT_MED.jpg
ART-0817,Medication Guide,How to minimize metabolic adaptation when using medication,https://havit-prod-us-east.s3.us-east-1.amazonaws.com/image/actions/image/IMG_MED_005.jpg
ART-0818,Medication Guide,Key to Medication Maintenance Phase: Stabilizing Weight Through Hydration,https://havit-prod-us-east.s3.us-east-1.amazonaws.com/image/actions/image/IMG_MED_009.jpg
ART-0819,Medication Guide,Habit Automation Strategy During Medication Maintenance: How to Make Hydration Natural,https://havit-prod-us-east.s3.us-east-1.amazonaws.com/image/actions/image/IMG_CAT_MED.jpg
ART-0820,Medication Guide,Preparation for Reducing Drug Dependency: Healthy Changes Starting with Hydration,https://havit-prod-us-east.s3.us-east-1.amazonaws.com/image/actions/image/IMG_CAT_MED.jpg
ART-0822,Medication Guide,Step-by-step strategies for preparing to discontinue medication,https://havit-prod-us-east.s3.us-east-1.amazonaws.com/image/actions/image/IMG_CAT_MED.jpg
ART-0823,Medication Guide,"Medication is just a tool, real change comes from habits",https://havit-prod-us-east.s3.us-east-1.amazonaws.com/image/actions/image/IMG_CAT_MED.jpg
ART-1216,Medication Guide,Solve GLP-1 medication nausea with dietary methods,https://havit-prod-us-east.s3.us-east-1.amazonaws.com/image/actions/image/IMG_MED_001.jpg
ART-1218,Medication Guide,GLP-1 Medication Constipation: Natural Solutions,https://havit-prod-us-east.s3.us-east-1.amazonaws.com/image/actions/image/IMG_MED_001.jpg
ART-1219,Medication Guide,Constipation Relief! Top 7 High-Fiber Foods,https://havit-prod-us-east.s3.us-east-1.amazonaws.com/image/actions/image/IMG_MED_005.jpg
ART-1220,Medication Guide,Overcoming GLP-1 Medication Fatigue,https://havit-prod-us-east.s3.us-east-1.amazonaws.com/image/actions/image/IMG_MED_001.jpg
ART-1222,Medication Guide,"Injection Site Problems, Here's How to Solve Them",https://havit-prod-us-east.s3.us-east-1.amazonaws.com/image/actions/image/IMG_MED_002.jpg
ART-1292,Medication Guide,Smart Water Drinking to Reduce Medication Side Effects,https://havit-prod-us-east.s3.us-east-1.amazonaws.com/image/actions/image/IMG_MED_007.jpg
ART-1293,Medication Guide,Key Strategies to Prevent Muscle Loss During Medication Use,https://havit-prod-us-east.s3.us-east-1.amazonaws.com/image/actions/image/IMG_CAT_MED.jpg
ART-1294,Medication Guide,Constipation relief is the key to diet success,https://havit-prod-us-east.s3.us-east-1.amazonaws.com/image/actions/image/IMG_MED_005.jpg
ART-1384,Medication Guide,Swelling vs Weight Gain: A Sure Way to Tell the Difference in 3 Seconds,https://havit-prod-us-east.s3.us-east-1.amazonaws.com/image/actions/image/IMG_CAT_MED.jpg
ART-0149,Mindset & Motivation,There are good times when it's okay to have snacks,https://havit-prod-us-east.s3.us-east-1.amazonaws.com/image/articles/art_0149.jpg
ART-0155,Mindset & Motivation,The Real Reason You Crave Sweets When Stressed,https://havit-prod-us-east.s3.us-east-1.amazonaws.com/image/articles/art_0155.jpg
ART-0162,Mindset & Motivation,Why do we binge eat when stressed,https://havit-prod-us-east.s3.us-east-1.amazonaws.com/image/articles/art_0162.jpg
ART-0168,Mindset & Motivation,Scientific Methods to Break Stress Eating Patterns,https://havit-prod-us-east.s3.us-east-1.amazonaws.com/image/articles/art_0168.jpg
ART-0171,Mindset & Motivation,Why the mindset of 'just eating today' ruins tomorrow,https://havit-prod-us-east.s3.us-east-1.amazonaws.com/image/articles/art_0171.jpg
ART-0322,Mindset & Motivation,Why boxing is the best for burning body fat and relieving stress,https://havit-prod-us-east.s3.us-east-1.amazonaws.com/image/actions/image/IMG_MIND_004.jpg
ART-0364,Mindset & Motivation,The real cause of diet failure lies in the mind,https://havit-prod-us-east.s3.us-east-1.amazonaws.com/image/actions/image/IMG_MIND_002.jpg
ART-0365,Mindset & Motivation,Why Perfectionism Leads to Diet Failure,https://havit-prod-us-east.s3.us-east-1.amazonaws.com/image/actions/image/IMG_MIND_007.jpg
ART-0368,Mindset & Motivation,My Personal Diet WHY Discovery Worksheet,https://havit-prod-us-east.s3.us-east-1.amazonaws.com/image/actions/image/IMG_MIND_002.jpg
ART-0369,Mindset & Motivation,The scale number isn't everything,https://havit-prod-us-east.s3.us-east-1.amazonaws.com/image/actions/image/IMG_CAT_MIND.jpg
ART-0370,Mindset & Motivation,Self-Check Methods to Prevent Diet Burnout,https://havit-prod-us-east.s3.us-east-1.amazonaws.com/image/actions/image/IMG_MIND_007.jpg
ART-0371,Mindset & Motivation,Overcoming the 'This is Good Enough' Compromise Mindset,https://havit-prod-us-east.s3.us-east-1.amazonaws.com/image/actions/image/IMG_CAT_MIND.jpg
ART-0372,Mindset & Motivation,The trap of thinking 'just for today',https://havit-prod-us-east.s3.us-east-1.amazonaws.com/image/actions/image/IMG_MIND_010.jpg
ART-0373,Mindset & Motivation,"Failure is not the end, but a new starting point",https://havit-prod-us-east.s3.us-east-1.amazonaws.com/image/actions/image/IMG_MIND_007.jpg
ART-0374,Mindset & Motivation,Understanding My Patterns with the Emotional Eating Checklist,https://havit-prod-us-east.s3.us-east-1.amazonaws.com/image/actions/image/IMG_MIND_004.jpg
ART-0375,Mindset & Motivation,Understanding Stress Eating Through Brain Science,https://havit-prod-us-east.s3.us-east-1.amazonaws.com/image/actions/image/IMG_MIND_004.jpg
ART-0377,Mindset & Motivation,How to Stop Self-Criticism and Practice Self-Compassion,https://havit-prod-us-east.s3.us-east-1.amazonaws.com/image/actions/image/IMG_MIND_004.jpg
ART-0378,Mindset & Motivation,How to Overcome Fat Self-Image After Weight Loss,https://havit-prod-us-east.s3.us-east-1.amazonaws.com/image/actions/image/IMG_MIND_009.jpg
ART-0380,Mindset & Motivation,Boost Diet Success Rate with Emotional Journaling,https://havit-prod-us-east.s3.us-east-1.amazonaws.com/image/actions/image/IMG_CAT_MIND.jpg
ART-0381,Mindset & Motivation,Distinguishing Fake Hunger Caused by Boredom,https://havit-prod-us-east.s3.us-east-1.amazonaws.com/image/actions/image/IMG_CAT_MIND.jpg
ART-0382,Mindset & Motivation,The Connection Between Loneliness and Binge Eating: Healthy Ways to Manage Emotions,https://havit-prod-us-east.s3.us-east-1.amazonaws.com/image/actions/image/IMG_CAT_MIND.jpg
ART-0383,Mindset & Motivation,Minimum Diet Maintenance Methods for Lethargic Days,https://havit-prod-us-east.s3.us-east-1.amazonaws.com/image/actions/image/IMG_MIND_007.jpg
ART-0386,Mindset & Motivation,Discover the true meaning of rewards,https://havit-prod-us-east.s3.us-east-1.amazonaws.com/image/actions/image/IMG_CAT_MIND.jpg
ART-0387,Mindset & Motivation,Time-specific strategies for overcoming diet plateaus,https://havit-prod-us-east.s3.us-east-1.amazonaws.com/image/actions/image/IMG_MIND_007.jpg
ART-0389,Mindset & Motivation,3 Ways to Regain Focus When Your Diet Motivation Wavers,https://havit-prod-us-east.s3.us-east-1.amazonaws.com/image/actions/image/IMG_MIND_002.jpg
ART-0391,Mindset & Motivation,Building Resilience with 3-Minute Mind Training,https://havit-prod-us-east.s3.us-east-1.amazonaws.com/image/actions/image/IMG_MIND_009.jpg
ART-0392,Mindset & Motivation,Overcoming Diet Anxiety with Brain Science,https://havit-prod-us-east.s3.us-east-1.amazonaws.com/image/actions/image/IMG_MIND_004.jpg
ART-0393,Mindset & Motivation,Creating my own standards that aren't swayed by what others say,https://havit-prod-us-east.s3.us-east-1.amazonaws.com/image/actions/image/IMG_MIND_004.jpg
ART-0394,Mindset & Motivation,It's okay not to be perfect,https://havit-prod-us-east.s3.us-east-1.amazonaws.com/image/actions/image/IMG_MIND_008.jpg
ART-0395,Mindset & Motivation,The Real Reason Self-Esteem Drops When Dieting,https://havit-prod-us-east.s3.us-east-1.amazonaws.com/image/actions/image/IMG_MIND_009.jpg
ART-0397,Mindset & Motivation,"Failure is not the end, but a new starting point",https://havit-prod-us-east.s3.us-east-1.amazonaws.com/image/actions/image/IMG_MIND_007.jpg
ART-0398,Mindset & Motivation,Brain Science Strategies to Overcome Diet Temptations,https://havit-prod-us-east.s3.us-east-1.amazonaws.com/image/actions/image/IMG_MIND_002.jpg
ART-0399,Mindset & Motivation,Diet Crisis: 3-Step Strategy to Regain Your Mindset,https://havit-prod-us-east.s3.us-east-1.amazonaws.com/image/actions/image/IMG_CAT_MIND.jpg
ART-0400,Mindset & Motivation,Breaking free from the thought 'Why does this only happen to me?',https://havit-prod-us-east.s3.us-east-1.amazonaws.com/image/actions/image/IMG_MIND_004.jpg
ART-0401,Mindset & Motivation,How to Take Smart Breaks When Diet Fatigue Sets In,https://havit-prod-us-east.s3.us-east-1.amazonaws.com/image/actions/image/IMG_MIND_010.jpg
ART-0403,Mindset & Motivation,Why your body's condition is more important than the number on the scale,https://havit-prod-us-east.s3.us-east-1.amazonaws.com/image/actions/image/IMG_MIND_010.jpg
ART-0404,Mindset & Motivation,Understanding and Overcoming Diet Depression Through Brain Science,https://havit-prod-us-east.s3.us-east-1.amazonaws.com/image/actions/image/IMG_MIND_005.jpg
ART-0405,Mindset & Motivation,Self-observation methods to not miss small changes,https://havit-prod-us-east.s3.us-east-1.amazonaws.com/image/actions/image/IMG_MIND_002.jpg
ART-0406,Mindset & Motivation,How to Sort Out Confusing Emotions During Dieting,https://havit-prod-us-east.s3.us-east-1.amazonaws.com/image/actions/image/IMG_MIND_004.jpg
ART-0407,Mindset & Motivation,How to Handle Emotions When Weight Loss is Slow,https://havit-prod-us-east.s3.us-east-1.amazonaws.com/image/actions/image/IMG_CAT_MIND.jpg
ART-0409,Mindset & Motivation,Mindset Shift Techniques to Reduce Self-Blame During Dieting,https://havit-prod-us-east.s3.us-east-1.amazonaws.com/image/actions/image/IMG_MIND_004.jpg
ART-0410,Mindset & Motivation,Signs to Know When to Stop Dieting,https://havit-prod-us-east.s3.us-east-1.amazonaws.com/image/actions/image/IMG_CAT_MIND.jpg
ART-0411,Mindset & Motivation,The truth about weight change is determined by your mindset,https://havit-prod-us-east.s3.us-east-1.amazonaws.com/image/actions/image/IMG_MIND_007.jpg
ART-0412,Mindset & Motivation,Mindset for Maintaining Weight After Diet Success,https://havit-prod-us-east.s3.us-east-1.amazonaws.com/image/actions/image/IMG_MIND_001.jpg
ART-0413,Mindset & Motivation,Real Success Indicators More Important Than Scale Numbers,https://havit-prod-us-east.s3.us-east-1.amazonaws.com/image/actions/image/IMG_MIND_004.jpg
ART-0414,Mindset & Motivation,Healthy changes that don't need to be perfect,https://havit-prod-us-east.s3.us-east-1.amazonaws.com/image/actions/image/IMG_MIND_010.jpg
ART-0503,Mindset & Motivation,A mindset that doesn't get swayed by the numbers on the scale,https://havit-prod-us-east.s3.us-east-1.amazonaws.com/image/actions/image/IMG_CAT_MIND.jpg
ART-0610,Mindset & Motivation,Why Winter Depression Triggers Binge Eating,https://havit-prod-us-east.s3.us-east-1.amazonaws.com/image/actions/image/IMG_MIND_002.jpg
ART-0636,Mindset & Motivation,Why Chronic Stress Accumulates Fat in the Abdomen,https://havit-prod-us-east.s3.us-east-1.amazonaws.com/image/actions/image/IMG_MIND_004.jpg
ART-0657,Mindset & Motivation,Overcoming Diet Depression from Comparing Yourself to Others,https://havit-prod-us-east.s3.us-east-1.amazonaws.com/image/actions/image/IMG_MIND_002.jpg
ART-0675,Mindset & Motivation,"When you find your true motivation, healthy habits form naturally",https://havit-prod-us-east.s3.us-east-1.amazonaws.com/image/actions/image/IMG_MIND_001.jpg
ART-0686,Mindset & Motivation,It's okay to adjust your goals downward,https://havit-prod-us-east.s3.us-east-1.amazonaws.com/image/actions/image/IMG_MIND_001.jpg
ART-0688,Mindset & Motivation,Healthy habits that focus on process over results,https://havit-prod-us-east.s3.us-east-1.amazonaws.com/image/actions/image/IMG_MIND_001.jpg
ART-0706,Mindset & Motivation,Why Diet Rest Periods Are the Key to Success,https://havit-prod-us-east.s3.us-east-1.amazonaws.com/image/actions/image/IMG_MIND_001.jpg
ART-0707,Mindset & Motivation,Maintaining Healthy Habits Through Strategic Maintenance Phase,https://havit-prod-us-east.s3.us-east-1.amazonaws.com/image/actions/image/IMG_MIND_001.jpg
ART-0709,Mindset & Motivation,Smart Strategies for Early Weight Regain,https://havit-prod-us-east.s3.us-east-1.amazonaws.com/image/actions/image/IMG_MIND_007.jpg
ART-0710,Mindset & Motivation,How to Forgive Past Failures and Start Again,https://havit-prod-us-east.s3.us-east-1.amazonaws.com/image/actions/image/IMG_MIND_006.jpg
ART-0711,Mindset & Motivation,How to Transform Self-Criticism into Self-Compassion,https://havit-prod-us-east.s3.us-east-1.amazonaws.com/image/actions/image/IMG_MIND_006.jpg
ART-0712,Mindset & Motivation,Finding the Hidden Causes of Chronic Fatigue,https://havit-prod-us-east.s3.us-east-1.amazonaws.com/image/actions/image/IMG_MIND_010.jpg
ART-0713,Mindset & Motivation,Mind Reset Methods for Recovering from Burnout,https://havit-prod-us-east.s3.us-east-1.amazonaws.com/image/actions/image/IMG_MIND_004.jpg
ART-0715,Mindset & Motivation,How to Turn Past Diet Failures into Clues for Success,https://havit-prod-us-east.s3.us-east-1.amazonaws.com/image/actions/image/IMG_MIND_007.jpg
ART-0716,Mindset & Motivation,Why Starting Slowly Leads to Longer-Lasting Results,https://havit-prod-us-east.s3.us-east-1.amazonaws.com/image/actions/image/IMG_MIND_007.jpg
ART-0718,Mindset & Motivation,"Asking for help, realize that you are not alone",https://havit-prod-us-east.s3.us-east-1.amazonaws.com/image/actions/image/IMG_MIND_010.jpg
ART-0719,Mindset & Motivation,How to Get Along with Your New Self After Diet Success,https://havit-prod-us-east.s3.us-east-1.amazonaws.com/image/actions/image/IMG_MIND_006.jpg
ART-0720,Mindset & Motivation,A warm word to myself in the mirror,https://havit-prod-us-east.s3.us-east-1.amazonaws.com/image/actions/image/IMG_MIND_002.jpg
ART-0721,Mindset & Motivation,The scale number doesn't define me,https://havit-prod-us-east.s3.us-east-1.amazonaws.com/image/actions/image/IMG_MIND_009.jpg
ART-0722,Mindset & Motivation,Creating Healthy Body Awareness Through Body Neutrality,https://havit-prod-us-east.s3.us-east-1.amazonaws.com/image/actions/image/IMG_MIND_010.jpg
ART-0723,Mindset & Motivation,Real health indicators more important than clothing size numbers,https://havit-prod-us-east.s3.us-east-1.amazonaws.com/image/actions/image/IMG_MIND_010.jpg
ART-0726,Mindset & Motivation,Checklist to Identify Warning Signs of Eating Disorders,https://havit-prod-us-east.s3.us-east-1.amazonaws.com/image/actions/image/IMG_MIND_010.jpg
ART-0730,Mindset & Motivation,How to Break Self-Critical Thought Patterns,https://havit-prod-us-east.s3.us-east-1.amazonaws.com/image/actions/image/IMG_MIND_004.jpg
ART-0733,Mindset & Motivation,The Neuroscientific Reason Why Loneliness Triggers Binge Eating,https://havit-prod-us-east.s3.us-east-1.amazonaws.com/image/actions/image/IMG_MIND_002.jpg
ART-0736,Mindset & Motivation,Why We Binge Eat When Angry and How to Stop It,https://havit-prod-us-east.s3.us-east-1.amazonaws.com/image/actions/image/IMG_MIND_004.jpg
ART-0739,Mindset & Motivation,Why Perfectionism Leads Diet to Failure,https://havit-prod-us-east.s3.us-east-1.amazonaws.com/image/actions/image/IMG_MIND_007.jpg
ART-0740,Mindset & Motivation,Why It's Okay Not to Be Perfect,https://havit-prod-us-east.s3.us-east-1.amazonaws.com/image/actions/image/IMG_MIND_010.jpg
ART-0741,Mindset & Motivation,Why Comparing Yourself to Others Hinders Healthy Choices,https://havit-prod-us-east.s3.us-east-1.amazonaws.com/image/actions/image/IMG_MIND_004.jpg
ART-0742,Mindset & Motivation,It's okay to go at your own pace,https://havit-prod-us-east.s3.us-east-1.amazonaws.com/image/actions/image/IMG_CAT_MIND.jpg
ART-0801,Mindset & Motivation,"Severe obesity, it's okay to start with small changes",https://havit-prod-us-east.s3.us-east-1.amazonaws.com/image/actions/image/IMG_CAT_MIND.jpg
ART-0830,Mindset & Motivation,It's okay not to be perfect: Starting is what matters,https://havit-prod-us-east.s3.us-east-1.amazonaws.com/image/actions/image/IMG_CAT_MIND.jpg
ART-0833,Mindset & Motivation,Finding Your 'Why' Workshop for Motivation,https://havit-prod-us-east.s3.us-east-1.amazonaws.com/image/actions/image/IMG_MIND_002.jpg
ART-0838,Mindset & Motivation,It's okay to have experienced diet failures,https://havit-prod-us-east.s3.us-east-1.amazonaws.com/image/actions/image/IMG_MIND_007.jpg
ART-0851,Mindset & Motivation,24-Hour Recovery Plan After Stress Binge Eating,https://havit-prod-us-east.s3.us-east-1.amazonaws.com/image/actions/image/IMG_MIND_004.jpg
ART-0855,Mindset & Motivation,How to not give up even when motivation hits rock bottom,https://havit-prod-us-east.s3.us-east-1.amazonaws.com/image/actions/image/IMG_MIND_002.jpg
ART-0863,Mindset & Motivation,It's okay if your streak breaks,https://havit-prod-us-east.s3.us-east-1.amazonaws.com/image/actions/image/IMG_CAT_MIND.jpg
ART-0885,Mindset & Motivation,Building Habits with the Fogg Behavior Model,https://havit-prod-us-east.s3.us-east-1.amazonaws.com/image/actions/image/IMG_MIND_002.jpg
ART-0887,Mindset & Motivation,3 Key Elements to Awaken Intrinsic Motivation,https://havit-prod-us-east.s3.us-east-1.amazonaws.com/image/actions/image/IMG_MIND_002.jpg
ART-0888,Mindset & Motivation,"Environment, not willpower! Automating good habits",https://havit-prod-us-east.s3.us-east-1.amazonaws.com/image/actions/image/IMG_MIND_002.jpg
ART-0889,Mindset & Motivation,Why Decision Fatigue Ruins Your Diet,https://havit-prod-us-east.s3.us-east-1.amazonaws.com/image/actions/image/IMG_CAT_MIND.jpg
ART-0890,Mindset & Motivation,Decision Fatigue OUT! Protecting Willpower with Advance Planning,https://havit-prod-us-east.s3.us-east-1.amazonaws.com/image/actions/image/IMG_MIND_001.jpg
ART-0891,Mindset & Motivation,How present bias interferes with dieting,https://havit-prod-us-east.s3.us-east-1.amazonaws.com/image/actions/image/IMG_CAT_MIND.jpg
ART-0892,Mindset & Motivation,Making Promises with Your Future Self: How to Double Your Goal Achievement Rate,https://havit-prod-us-east.s3.us-east-1.amazonaws.com/image/actions/image/IMG_MIND_001.jpg
ART-0893,Mindset & Motivation,People around me change my mind,https://havit-prod-us-east.s3.us-east-1.amazonaws.com/image/actions/image/IMG_MIND_006.jpg
ART-0894,Mindset & Motivation,Why things that don't work alone work when done together,https://havit-prod-us-east.s3.us-east-1.amazonaws.com/image/actions/image/IMG_MIND_008.jpg
ART-0895,Mindset & Motivation,Double Your Motivation with Loss Aversion Psychology,https://havit-prod-us-east.s3.us-east-1.amazonaws.com/image/actions/image/IMG_MIND_002.jpg
ART-0935,Mindset & Motivation,Hidden pathways how chronic stress triggers weight gain,https://havit-prod-us-east.s3.us-east-1.amazonaws.com/image/actions/image/IMG_MIND_004.jpg
ART-0936,Mindset & Motivation,Check My Stress Response Patterns,https://havit-prod-us-east.s3.us-east-1.amazonaws.com/image/actions/image/IMG_MIND_004.jpg
ART-0937,Mindset & Motivation,Instant Calming with 4-7-8 Breathing Technique,https://havit-prod-us-east.s3.us-east-1.amazonaws.com/image/actions/image/IMG_CAT_MIND.jpg
ART-0939,Mindset & Motivation,Beginner's Guide to Mindfulness Meditation,https://havit-prod-us-east.s3.us-east-1.amazonaws.com/image/actions/image/IMG_MIND_003.jpg
ART-0943,Mindset & Motivation,The Impact of Social Connections on Stress,https://havit-prod-us-east.s3.us-east-1.amazonaws.com/image/actions/image/IMG_MIND_004.jpg
ART-0944,Mindset & Motivation,The Scientific Reasons Why Gratitude Journaling Reduces Stress,https://havit-prod-us-east.s3.us-east-1.amazonaws.com/image/actions/image/IMG_MIND_004.jpg
ART-1041,Mindset & Motivation,3 Strategies to Prevent Monday Motivation Loss,https://havit-prod-us-east.s3.us-east-1.amazonaws.com/image/actions/image/IMG_MIND_002.jpg
ART-1056,Mindset & Motivation,Do emotions control appetite? The truth from neuroscience,https://havit-prod-us-east.s3.us-east-1.amazonaws.com/image/actions/image/IMG_CAT_MIND.jpg
ART-1057,Mindset & Motivation,Mood-boosting foods that soothe a depressed mind,https://havit-prod-us-east.s3.us-east-1.amazonaws.com/image/actions/image/IMG_MIND_005.jpg
ART-1058,Mindset & Motivation,5 Ways to Manage Your Mind When Feeling Depressed,https://havit-prod-us-east.s3.us-east-1.amazonaws.com/image/actions/image/IMG_MIND_005.jpg
ART-1059,Mindset & Motivation,3 Foods That Calm Your Mind When You're Anxious,https://havit-prod-us-east.s3.us-east-1.amazonaws.com/image/actions/image/IMG_MIND_005.jpg
ART-1060,Mindset & Motivation,Managing overeating urges that come with anxiety,https://havit-prod-us-east.s3.us-east-1.amazonaws.com/image/actions/image/IMG_MIND_005.jpg
ART-1061,Mindset & Motivation,The Dangerous Overeating Trap When You're in a Good Mood,https://havit-prod-us-east.s3.us-east-1.amazonaws.com/image/actions/image/IMG_MIND_006.jpg
ART-1062,Mindset & Motivation,Stay Healthy Even When Exhausted! Cooking Mindset Transformation,https://havit-prod-us-east.s3.us-east-1.amazonaws.com/image/actions/image/IMG_CAT_MIND.jpg
ART-1063,Mindset & Motivation,"Fake appetite caused by boredom, distinguish it this way",https://havit-prod-us-east.s3.us-east-1.amazonaws.com/image/actions/image/IMG_CAT_MIND.jpg
ART-1064,Mindset & Motivation,End Binge Eating with Emotional Journaling,https://havit-prod-us-east.s3.us-east-1.amazonaws.com/image/actions/image/IMG_MIND_010.jpg
ART-1065,Mindset & Motivation,STOP Emotional Eating! 10 Alternatives to Soothe Your Mind,https://havit-prod-us-east.s3.us-east-1.amazonaws.com/image/actions/image/IMG_CAT_MIND.jpg
ART-1094,Mindset & Motivation,Diet Myths vs Facts: Know the Truth and Make Smart Choices,https://havit-prod-us-east.s3.us-east-1.amazonaws.com/image/actions/image/IMG_CAT_MIND.jpg
ART-1101,Mindset & Motivation,Does sweating a lot make you lose weight? Truth vs Misconception,https://havit-prod-us-east.s3.us-east-1.amazonaws.com/image/actions/image/IMG_CAT_MIND.jpg
ART-1106,Mindset & Motivation,Finding Your True Motivation 'Why' Discovery Workshop,https://havit-prod-us-east.s3.us-east-1.amazonaws.com/image/actions/image/IMG_MIND_002.jpg
ART-1107,Mindset & Motivation,External vs Internal Motivation: The Secret to Sustainable Habits,https://havit-prod-us-east.s3.us-east-1.amazonaws.com/image/actions/image/IMG_MIND_002.jpg
ART-1108,Mindset & Motivation,5 Ways to Reignite Your Motivation When It Drops,https://havit-prod-us-east.s3.us-east-1.amazonaws.com/image/actions/image/IMG_MIND_002.jpg
ART-1109,Mindset & Motivation,Before your willpower battery runs out,https://havit-prod-us-east.s3.us-east-1.amazonaws.com/image/actions/image/IMG_MIND_002.jpg
ART-1110,Mindset & Motivation,Environmental Design Methods to Conserve Willpower,https://havit-prod-us-east.s3.us-east-1.amazonaws.com/image/actions/image/IMG_MIND_002.jpg
ART-1111,Mindset & Motivation,"It's okay not to be perfect, continuing is what gives you strength",https://havit-prod-us-east.s3.us-east-1.amazonaws.com/image/actions/image/IMG_CAT_MIND.jpg
ART-1112,Mindset & Motivation,The Amazing Power of Celebrating Small Wins,https://havit-prod-us-east.s3.us-east-1.amazonaws.com/image/actions/image/IMG_MIND_010.jpg
ART-1113,Mindset & Motivation,Escaping the Comparison Trap: Setting Your Own Growth Standards,https://havit-prod-us-east.s3.us-east-1.amazonaws.com/image/actions/image/IMG_MIND_002.jpg
ART-1114,Mindset & Motivation,The Scientific Method to Turn Dreams into Reality with Vision Boards,https://havit-prod-us-east.s3.us-east-1.amazonaws.com/image/actions/image/IMG_CAT_MIND.jpg
ART-1115,Mindset & Motivation,Keep your motivation alive with daily reminders,https://havit-prod-us-east.s3.us-east-1.amazonaws.com/image/actions/image/IMG_MIND_001.jpg
ART-1116,Mindset & Motivation,Success Strategies with a Diet Buddy,https://havit-prod-us-east.s3.us-east-1.amazonaws.com/image/actions/image/IMG_MIND_008.jpg
ART-1117,Mindset & Motivation,Together is better than alone! The success science of social support,https://havit-prod-us-east.s3.us-east-1.amazonaws.com/image/actions/image/IMG_MIND_008.jpg
ART-1118,Mindset & Motivation,Declare your diet to your family and create a strong support team,https://havit-prod-us-east.s3.us-east-1.amazonaws.com/image/actions/image/IMG_CAT_MIND.jpg
ART-1119,Mindset & Motivation,Smart strategies to stay unshaken by surrounding distractions,https://havit-prod-us-east.s3.us-east-1.amazonaws.com/image/actions/image/IMG_MIND_001.jpg
ART-1120,Mindset & Motivation,"SNS Diet Disclosure, The Secret to Doubling Success Rate",https://havit-prod-us-east.s3.us-east-1.amazonaws.com/image/actions/image/IMG_MIND_008.jpg
ART-1121,Mindset & Motivation,How to Not Be Swayed by Diet Success Stories,https://havit-prod-us-east.s3.us-east-1.amazonaws.com/image/actions/image/IMG_MIND_007.jpg
ART-1122,Mindset & Motivation,Building Habits Through Online Communities: The Power of Togetherness,https://havit-prod-us-east.s3.us-east-1.amazonaws.com/image/actions/image/IMG_MIND_001.jpg
ART-1123,Mindset & Motivation,How to Escape the SNS Comparison Trap,https://havit-prod-us-east.s3.us-east-1.amazonaws.com/image/actions/image/IMG_CAT_MIND.jpg
ART-1232,Mindset & Motivation,Instant stress relief with 4-second box breathing,https://havit-prod-us-east.s3.us-east-1.amazonaws.com/image/actions/image/IMG_MIND_004.jpg
ART-1235,Mindset & Motivation,Preparing for deep sleep with 3-minute breathing before meals,https://havit-prod-us-east.s3.us-east-1.amazonaws.com/image/actions/image/IMG_MIND_003.jpg
ART-1302,Mindset & Motivation,The Scientific Reason Why Stress Becomes Fat,https://havit-prod-us-east.s3.us-east-1.amazonaws.com/image/actions/image/IMG_MIND_004.jpg
ART-1308,Mindset & Motivation,Don't be bound by past failures and start fresh,https://havit-prod-us-east.s3.us-east-1.amazonaws.com/image/actions/image/IMG_MIND_007.jpg
ART-1310,Mindset & Motivation,Emotions Drive Appetite: Healthy Eating Habits That Control Your Mind,https://havit-prod-us-east.s3.us-east-1.amazonaws.com/image/actions/image/IMG_MIND_010.jpg
ART-1311,Mindset & Motivation,I'm Not Hungry - How to Distinguish Fake Appetite,https://havit-prod-us-east.s3.us-east-1.amazonaws.com/image/actions/image/IMG_CAT_MIND.jpg
ART-1312,Mindset & Motivation,I Can Do It: The Power of a Positive Mindset,https://havit-prod-us-east.s3.us-east-1.amazonaws.com/image/actions/image/IMG_MIND_006.jpg
ART-1323,Mindset & Motivation,Psychological satiety determines diet success,https://havit-prod-us-east.s3.us-east-1.amazonaws.com/image/actions/image/IMG_MIND_008.jpg
ART-1328,Mindset & Motivation,The Neuroscientific Reason Why Multitasking Makes You Gain Weight,https://havit-prod-us-east.s3.us-east-1.amazonaws.com/image/actions/image/IMG_CAT_MIND.jpg
ART-1329,Mindset & Motivation,The Secret to Health More Important Than Processed Foods,https://havit-prod-us-east.s3.us-east-1.amazonaws.com/image/actions/image/IMG_CAT_MIND.jpg
ART-1355,Mindset & Motivation,Complete Stress Relief with 3-Minute Breathing Technique,https://havit-prod-us-east.s3.us-east-1.amazonaws.com/image/actions/image/IMG_CAT_MIND.jpg
ART-1389,Mindset & Motivation,The secret to diet success: mindset is 80%,https://havit-prod-us-east.s3.us-east-1.amazonaws.com/image/actions/image/IMG_CAT_MIND.jpg
ART-1390,Mindset & Motivation,The Magic of Small Wins: The Power of 1% Daily Changes,https://havit-prod-us-east.s3.us-east-1.amazonaws.com/image/actions/image/IMG_MIND_008.jpg
ART-0049,Personalized Strategies,The Real Reason Your Body Shape Gets Ruined Even When You Lose Weight,https://havit-prod-us-east.s3.us-east-1.amazonaws.com/image/articles/art_0049.jpg
ART-0202,Personalized Strategies,Creating a Healthy Weight While Preparing for Pregnancy,https://havit-prod-us-east.s3.us-east-1.amazonaws.com/image/actions/image/IMG_SIT_008.jpg
ART-0206,Personalized Strategies,Safe Weight Management Step-by-Step Strategies for Those Over 60,https://havit-prod-us-east.s3.us-east-1.amazonaws.com/image/actions/image/IMG_CAT_PERSONAL.jpg
ART-0495,Personalized Strategies,Why the mirror is more accurate than the scale numbers,https://havit-prod-us-east.s3.us-east-1.amazonaws.com/image/actions/image/IMG_CAT_PERSONAL.jpg
ART-0516,Personalized Strategies,Why Estrogen Imbalance Causes Lower Body Weight Gain,https://havit-prod-us-east.s3.us-east-1.amazonaws.com/image/actions/image/IMG_SIT_008.jpg
ART-0525,Personalized Strategies,Diet Strategy Aligned with Menstrual Cycle,https://havit-prod-us-east.s3.us-east-1.amazonaws.com/image/actions/image/IMG_SIT_008.jpg
ART-0588,Personalized Strategies,Complete Guide to High-Protein Foods for Seniors,https://havit-prod-us-east.s3.us-east-1.amazonaws.com/image/actions/image/IMG_SIT_007.jpg
ART-0589,Personalized Strategies,Bone Density Decline Self-Check,https://havit-prod-us-east.s3.us-east-1.amazonaws.com/image/actions/image/IMG_CAT_PERSONAL.jpg
ART-0594,Personalized Strategies,Do muscles control memory? The surprising brain-muscle connection,https://havit-prod-us-east.s3.us-east-1.amazonaws.com/image/actions/image/IMG_CAT_PERSONAL.jpg
ART-0597,Personalized Strategies,"Senior Vitamin D Deficiency, Hidden Cause of Weight Gain",https://havit-prod-us-east.s3.us-east-1.amazonaws.com/image/actions/image/IMG_SIT_007.jpg
ART-0598,Personalized Strategies,"Healthy weight loss after 60s, 1-2kg per month is the answer",https://havit-prod-us-east.s3.us-east-1.amazonaws.com/image/actions/image/IMG_CAT_PERSONAL.jpg
ART-0599,Personalized Strategies,Getting older doesn't make health management more difficult,https://havit-prod-us-east.s3.us-east-1.amazonaws.com/image/actions/image/IMG_CAT_PERSONAL.jpg
ART-0616,Personalized Strategies,Healthy Changes with a Partner,https://havit-prod-us-east.s3.us-east-1.amazonaws.com/image/actions/image/IMG_CAT_PERSONAL.jpg
ART-0620,Personalized Strategies,Don't talk about dieting in front of children,https://havit-prod-us-east.s3.us-east-1.amazonaws.com/image/actions/image/IMG_CAT_PERSONAL.jpg
ART-0621,Personalized Strategies,Creating a healthy dining table for the whole family,https://havit-prod-us-east.s3.us-east-1.amazonaws.com/image/actions/image/IMG_CAT_PERSONAL.jpg
ART-0625,Personalized Strategies,Partner Weight Changes: Psychological Impact on Relationships,https://havit-prod-us-east.s3.us-east-1.amazonaws.com/image/actions/image/IMG_CAT_PERSONAL.jpg
ART-0627,Personalized Strategies,How to Deal with Your Partner's Diet-Sabotaging Behavior,https://havit-prod-us-east.s3.us-east-1.amazonaws.com/image/actions/image/IMG_CAT_PERSONAL.jpg
ART-0629,Personalized Strategies,How to Design Health Challenges for Couples,https://havit-prod-us-east.s3.us-east-1.amazonaws.com/image/actions/image/IMG_CAT_PERSONAL.jpg
ART-0632,Personalized Strategies,Menopause weight gain is caused by hormonal changes,https://havit-prod-us-east.s3.us-east-1.amazonaws.com/image/actions/image/IMG_CAT_PERSONAL.jpg
ART-0634,Personalized Strategies,The Correlation Between Male Testosterone and Weight Management,https://havit-prod-us-east.s3.us-east-1.amazonaws.com/image/actions/image/IMG_SIT_008.jpg
ART-0635,Personalized Strategies,How to Wisely Handle Pre-Menstrual Appetite Surges,https://havit-prod-us-east.s3.us-east-1.amazonaws.com/image/actions/image/IMG_SIT_008.jpg
ART-0783,Personalized Strategies,"Hidden Risks of Being Underweight, Healthy Weight Gain Methods",https://havit-prod-us-east.s3.us-east-1.amazonaws.com/image/actions/image/IMG_CAT_PERSONAL.jpg
ART-0789,Personalized Strategies,Health signals you shouldn't miss when underweight,https://havit-prod-us-east.s3.us-east-1.amazonaws.com/image/actions/image/IMG_CAT_PERSONAL.jpg
ART-0790,Personalized Strategies,The Hidden Truth: Why Skinny Fat is More Dangerous,https://havit-prod-us-east.s3.us-east-1.amazonaws.com/image/actions/image/IMG_CAT_PERSONAL.jpg
ART-0795,Personalized Strategies,The Scale Number Trap: How to Escape Skinny Fat,https://havit-prod-us-east.s3.us-east-1.amazonaws.com/image/actions/image/IMG_CAT_PERSONAL.jpg
ART-0803,Personalized Strategies,Signs requiring hospital visit in severe obesity,https://havit-prod-us-east.s3.us-east-1.amazonaws.com/image/actions/image/IMG_CAT_PERSONAL.jpg
ART-0804,Personalized Strategies,"Cutting vs Bulking, The Right Strategy for Me Now",https://havit-prod-us-east.s3.us-east-1.amazonaws.com/image/actions/image/IMG_CAT_PERSONAL.jpg
ART-0807,Personalized Strategies,Strategy for Body Type with High Muscle and Fat,https://havit-prod-us-east.s3.us-east-1.amazonaws.com/image/actions/image/IMG_CAT_PERSONAL.jpg
ART-0825,Personalized Strategies,Building Your Personal Health Strategy with Body Type Assessment Results,https://havit-prod-us-east.s3.us-east-1.amazonaws.com/image/actions/image/IMG_CAT_PERSONAL.jpg
ART-0865,Personalized Strategies,How Menstrual Cycle Affects Weight Fluctuations,https://havit-prod-us-east.s3.us-east-1.amazonaws.com/image/actions/image/IMG_SIT_008.jpg
ART-0867,Personalized Strategies,Dietary Adjustment Strategies Based on Menstrual Cycle,https://havit-prod-us-east.s3.us-east-1.amazonaws.com/image/actions/image/IMG_SIT_008.jpg
ART-0868,Personalized Strategies,Weight gain before menstruation is a natural phenomenon,https://havit-prod-us-east.s3.us-east-1.amazonaws.com/image/actions/image/IMG_SIT_008.jpg
ART-0870,Personalized Strategies,Birth Control Pills and Weight Changes: Scientific Facts and Management Methods,https://havit-prod-us-east.s3.us-east-1.amazonaws.com/image/actions/image/IMG_CAT_PERSONAL.jpg
ART-0871,Personalized Strategies,Safe Diet Guide When Planning Pregnancy,https://havit-prod-us-east.s3.us-east-1.amazonaws.com/image/actions/image/IMG_SIT_008.jpg
ART-0876,Personalized Strategies,Scientific reasons why women need more iron,https://havit-prod-us-east.s3.us-east-1.amazonaws.com/image/actions/image/IMG_SIT_008.jpg
ART-0877,Personalized Strategies,Why is male abdominal obesity more deadly?,https://havit-prod-us-east.s3.us-east-1.amazonaws.com/image/actions/image/IMG_CAT_PERSONAL.jpg
ART-0878,Personalized Strategies,The Relationship Between Testosterone and Weight: Scientific Weight Management for Men,https://havit-prod-us-east.s3.us-east-1.amazonaws.com/image/actions/image/IMG_CAT_PERSONAL.jpg
ART-0883,Personalized Strategies,Customized Diet Strategy for Maintaining Prostate Health,https://havit-prod-us-east.s3.us-east-1.amazonaws.com/image/actions/image/IMG_CAT_PERSONAL.jpg
ART-0884,Personalized Strategies,Male Menopause: Overcoming It Healthily Through Weight Management,https://havit-prod-us-east.s3.us-east-1.amazonaws.com/image/actions/image/IMG_SIT_007.jpg
ART-0945,Personalized Strategies,Why East Asians Have Higher Risk of Abdominal Obesity,https://havit-prod-us-east.s3.us-east-1.amazonaws.com/image/actions/image/IMG_CAT_PERSONAL.jpg
ART-0946,Personalized Strategies,How to Diet Healthily with Korean Food,https://havit-prod-us-east.s3.us-east-1.amazonaws.com/image/actions/image/IMG_CAT_PERSONAL.jpg
ART-0954,Personalized Strategies,Healthy alternatives you can choose instead of tortillas,https://havit-prod-us-east.s3.us-east-1.amazonaws.com/image/actions/image/IMG_CAT_PERSONAL.jpg
ART-0959,Personalized Strategies,Low-Budget Healthy Eating Guide for College Students & Young Professionals,https://havit-prod-us-east.s3.us-east-1.amazonaws.com/image/actions/image/IMG_CAT_PERSONAL.jpg
ART-0960,Personalized Strategies,Breaking Free from Instagram Body Obsession,https://havit-prod-us-east.s3.us-east-1.amazonaws.com/image/actions/image/IMG_CAT_PERSONAL.jpg
ART-0963,Personalized Strategies,Time Efficiency Strategies for Busy Working Professionals in Their 30s,https://havit-prod-us-east.s3.us-east-1.amazonaws.com/image/actions/image/IMG_CAT_PERSONAL.jpg
ART-0964,Personalized Strategies,Healthy Weight Management Strategies During and After Pregnancy,https://havit-prod-us-east.s3.us-east-1.amazonaws.com/image/actions/image/IMG_SIT_008.jpg
ART-0965,Personalized Strategies,Comprehensive Weight Management Guide for People in Their 40s,https://havit-prod-us-east.s3.us-east-1.amazonaws.com/image/actions/image/IMG_SIT_008.jpg
ART-0966,Personalized Strategies,New Approaches to Hormonal Changes and Weight Management in Your 40s,https://havit-prod-us-east.s3.us-east-1.amazonaws.com/image/actions/image/IMG_SIT_008.jpg
ART-0969,Personalized Strategies,Complete Guide to Weight Management in Your 50s,https://havit-prod-us-east.s3.us-east-1.amazonaws.com/image/actions/image/IMG_SIT_008.jpg
ART-0972,Personalized Strategies,Weight management before and after menopause should change like this,https://havit-prod-us-east.s3.us-east-1.amazonaws.com/image/actions/image/IMG_CAT_PERSONAL.jpg
ART-1089,Personalized Strategies,Understanding Weight Change Patterns During the Menstrual Cycle,https://havit-prod-us-east.s3.us-east-1.amazonaws.com/image/actions/image/IMG_SIT_008.jpg
ART-1246,Personalized Strategies,Senior-Friendly Soft High-Protein Diet,https://havit-prod-us-east.s3.us-east-1.amazonaws.com/image/actions/image/IMG_SIT_007.jpg
ART-1249,Personalized Strategies,3 Key Strategies to Prevent Sarcopenia,https://havit-prod-us-east.s3.us-east-1.amazonaws.com/image/actions/image/IMG_CAT_PERSONAL.jpg
ART-1285,Personalized Strategies,Protect Muscle Even When Underweight! Smart Muscle Building,https://havit-prod-us-east.s3.us-east-1.amazonaws.com/image/actions/image/IMG_CAT_PERSONAL.jpg
ART-1318,Personalized Strategies,Finding the Perfect Diet for My Body Type,https://havit-prod-us-east.s3.us-east-1.amazonaws.com/image/actions/image/IMG_CAT_PERSONAL.jpg
ART-1320,Personalized Strategies,Are you sensitive to salty taste?,https://havit-prod-us-east.s3.us-east-1.amazonaws.com/image/actions/image/IMG_CAT_PERSONAL.jpg
ART-1321,Personalized Strategies,Can water become poison? The science of proper hydration,https://havit-prod-us-east.s3.us-east-1.amazonaws.com/image/actions/image/IMG_CAT_PERSONAL.jpg
ART-1375,Personalized Strategies,The Hidden Dangers of Normal Weight: The Truth About Skinny Fat,https://havit-prod-us-east.s3.us-east-1.amazonaws.com/image/actions/image/IMG_CAT_PERSONAL.jpg
ART-1376,Personalized Strategies,The Magic of 3 Times a Week: Big Results from Small Changes,https://havit-prod-us-east.s3.us-east-1.amazonaws.com/image/actions/image/IMG_CAT_PERSONAL.jpg
ART-1378,Personalized Strategies,"First Health Management, Success Preparation Strategy",https://havit-prod-us-east.s3.us-east-1.amazonaws.com/image/actions/image/IMG_CAT_PERSONAL.jpg
ART-1391,Personalized Strategies,The Secret of Weight Changes Throughout Your Menstrual Cycle,https://havit-prod-us-east.s3.us-east-1.amazonaws.com/image/actions/image/IMG_SIT_008.jpg
ART-1398,Personalized Strategies,Do you really know your body type?,https://havit-prod-us-east.s3.us-east-1.amazonaws.com/image/actions/image/IMG_CAT_PERSONAL.jpg
ART-1399,Personalized Strategies,Body signals revealed by morning weight,https://havit-prod-us-east.s3.us-east-1.amazonaws.com/image/actions/image/IMG_CAT_PERSONAL.jpg
ART-1416,Personalized Strategies,Why Addiction Ruins Your Diet,https://havit-prod-us-east.s3.us-east-1.amazonaws.com/image/actions/image/IMG_CAT_PERSONAL.jpg
ART-1422,Personalized Strategies,Finding Your Personal Body Balance Point with Body Composition Data,https://havit-prod-us-east.s3.us-east-1.amazonaws.com/image/actions/image/IMG_CAT_PERSONAL.jpg
ART-1424,Personalized Strategies,Why Swelling Looks Like Fat and How to Fix It,https://havit-prod-us-east.s3.us-east-1.amazonaws.com/image/actions/image/IMG_CAT_PERSONAL.jpg
ART-0052,Situational Tips,Smart choices to get 20g of protein even when dining out,https://havit-prod-us-east.s3.us-east-1.amazonaws.com/image/articles/art_0052.jpg
ART-0119,Situational Tips,How to Order Delivery Food in a Healthy Way,https://havit-prod-us-east.s3.us-east-1.amazonaws.com/image/articles/art_0119.jpg
ART-0120,Situational Tips,Complete a Healthy Diet Plan Even at Convenience Stores,https://havit-prod-us-east.s3.us-east-1.amazonaws.com/image/articles/art_0120.jpg
ART-0121,Situational Tips,Balancing your weekly diet even with frequent dining out,https://havit-prod-us-east.s3.us-east-1.amazonaws.com/image/articles/art_0121.jpg
ART-0132,Situational Tips,Smart Ways to Reduce Calories When Dining Out,https://havit-prod-us-east.s3.us-east-1.amazonaws.com/image/articles/art_0132.jpg
ART-0134,Situational Tips,Healthy Choice Guide for Chinese Dining Out,https://havit-prod-us-east.s3.us-east-1.amazonaws.com/image/articles/art_0134.jpg
ART-0139,Situational Tips,How to Eat Healthy at Social Gatherings,https://havit-prod-us-east.s3.us-east-1.amazonaws.com/image/articles/art_0139.jpg
ART-0141,Situational Tips,How to Cut Holiday Food Calories in Half,https://havit-prod-us-east.s3.us-east-1.amazonaws.com/image/articles/art_0141.jpg
ART-0209,Situational Tips,Smart Meal Strategies for Night Shift Workers,https://havit-prod-us-east.s3.us-east-1.amazonaws.com/image/actions/image/IMG_CAT_SIT.jpg
ART-0415,Situational Tips,How long fat burning stops after one drink,https://havit-prod-us-east.s3.us-east-1.amazonaws.com/image/actions/image/IMG_CAT_SIT.jpg
ART-0416,Situational Tips,"Calorie Comparison by Alcohol Type, Smart Selection Guide",https://havit-prod-us-east.s3.us-east-1.amazonaws.com/image/actions/image/IMG_SIT_005.jpg
ART-0417,Situational Tips,Dietary management methods to help your body recover the day after drinking alcohol,https://havit-prod-us-east.s3.us-east-1.amazonaws.com/image/actions/image/IMG_CAT_SIT.jpg
ART-0418,Situational Tips,How to Drink Smart at Social Gatherings,https://havit-prod-us-east.s3.us-east-1.amazonaws.com/image/actions/image/IMG_SIT_002.jpg
ART-0419,Situational Tips,The Real Reason Why Drinking Alcohol Makes You Gain Weight,https://havit-prod-us-east.s3.us-east-1.amazonaws.com/image/actions/image/IMG_CAT_SIT.jpg
ART-0420,Situational Tips,Why Don't We Sleep Deeply After Drinking?,https://havit-prod-us-east.s3.us-east-1.amazonaws.com/image/actions/image/IMG_CAT_SIT.jpg
ART-0421,Situational Tips,The Hidden Reason Why Alcohol Prevents Weight Loss During Dieting,https://havit-prod-us-east.s3.us-east-1.amazonaws.com/image/actions/image/IMG_CAT_SIT.jpg
ART-0422,Situational Tips,Alternative Actions to Trick Your Brain When You Want to Drink,https://havit-prod-us-east.s3.us-east-1.amazonaws.com/image/actions/image/IMG_CAT_SIT.jpg
ART-0423,Situational Tips,The Hidden Scientific Reasons Why Alcohol Dramatically Increases Appetite,https://havit-prod-us-east.s3.us-east-1.amazonaws.com/image/actions/image/IMG_CAT_SIT.jpg
ART-0424,Situational Tips,The Real Reason Your Body Swells After Drinking and How to Fix It,https://havit-prod-us-east.s3.us-east-1.amazonaws.com/image/actions/image/IMG_CAT_SIT.jpg
ART-0425,Situational Tips,Brain science-based practical methods when quitting alcohol is difficult,https://havit-prod-us-east.s3.us-east-1.amazonaws.com/image/actions/image/IMG_CAT_SIT.jpg
ART-0426,Situational Tips,3 Rules to Prevent Weight Gain After Drinking,https://havit-prod-us-east.s3.us-east-1.amazonaws.com/image/actions/image/IMG_CAT_SIT.jpg
ART-0427,Situational Tips,A beer after exercise ruins your muscles,https://havit-prod-us-east.s3.us-east-1.amazonaws.com/image/actions/image/IMG_CAT_SIT.jpg
ART-0428,Situational Tips,Healthy Drinking Habits Self-Assessment Checklist,https://havit-prod-us-east.s3.us-east-1.amazonaws.com/image/actions/image/IMG_CAT_SIT.jpg
ART-0429,Situational Tips,Body Changes When You Reduce Alcohol Consumption,https://havit-prod-us-east.s3.us-east-1.amazonaws.com/image/actions/image/IMG_CAT_SIT.jpg
ART-0430,Situational Tips,When it's hard to say you're on a diet,https://havit-prod-us-east.s3.us-east-1.amazonaws.com/image/actions/image/IMG_CAT_SIT.jpg
ART-0433,Situational Tips,How to maintain a healthy weight even with frequent company dinners,https://havit-prod-us-east.s3.us-east-1.amazonaws.com/image/actions/image/IMG_SIT_001.jpg
ART-0436,Situational Tips,Why Success Rates Increase When You Have a Diet Partner,https://havit-prod-us-east.s3.us-east-1.amazonaws.com/image/actions/image/IMG_CAT_SIT.jpg
ART-0437,Situational Tips,Wisely Dealing with Negative Reactions from Others,https://havit-prod-us-east.s3.us-east-1.amazonaws.com/image/actions/image/IMG_CAT_SIT.jpg
ART-0438,Situational Tips,How to Enjoy Social Life While Dieting,https://havit-prod-us-east.s3.us-east-1.amazonaws.com/image/actions/image/IMG_SIT_002.jpg
ART-0439,Situational Tips,How to Stay Healthy During Year-End Party Season,https://havit-prod-us-east.s3.us-east-1.amazonaws.com/image/actions/image/IMG_SIT_002.jpg
ART-0440,Situational Tips,How to maintain healthy habits when dining out with friends,https://havit-prod-us-east.s3.us-east-1.amazonaws.com/image/actions/image/IMG_MEAL_008.jpg
ART-0441,Situational Tips,Dating While Dieting: How to Make the Right Choices,https://havit-prod-us-east.s3.us-east-1.amazonaws.com/image/actions/image/IMG_CAT_SIT.jpg
ART-0442,Situational Tips,Making Healthy Choices Naturally at Work,https://havit-prod-us-east.s3.us-east-1.amazonaws.com/image/actions/image/IMG_SIT_001.jpg
ART-0443,Situational Tips,How to Continue Your Diet Despite Family Opposition,https://havit-prod-us-east.s3.us-east-1.amazonaws.com/image/actions/image/IMG_SIT_002.jpg
ART-0444,Situational Tips,Social Life and Diet Balance Checklist,https://havit-prod-us-east.s3.us-east-1.amazonaws.com/image/actions/image/IMG_SIT_001.jpg
ART-0447,Situational Tips,Smart strategies for maintaining healthy habits on weekends,https://havit-prod-us-east.s3.us-east-1.amazonaws.com/image/actions/image/IMG_CAT_SIT.jpg
ART-0498,Situational Tips,Is the weight gain after weekend binge eating real fat?,https://havit-prod-us-east.s3.us-east-1.amazonaws.com/image/actions/image/IMG_CAT_SIT.jpg
ART-0542,Situational Tips,How to Prevent Yo-Yo Effect After Body Profile Shoot,https://havit-prod-us-east.s3.us-east-1.amazonaws.com/image/actions/image/IMG_SIT_005.jpg
ART-0548,Situational Tips,Triple Your Diet Success Rate with Wearables,https://havit-prod-us-east.s3.us-east-1.amazonaws.com/image/actions/image/IMG_CAT_SIT.jpg
ART-0549,Situational Tips,Diet Supplements: Distinguishing Effects Through Science,https://havit-prod-us-east.s3.us-east-1.amazonaws.com/image/actions/image/IMG_CAT_SIT.jpg
ART-0553,Situational Tips,Smart choices to avoid weight gain while traveling,https://havit-prod-us-east.s3.us-east-1.amazonaws.com/image/actions/image/IMG_SIT_003.jpg
ART-0559,Situational Tips,Emergency First Aid for Overcoming Diet Burnout,https://havit-prod-us-east.s3.us-east-1.amazonaws.com/image/actions/image/IMG_CAT_SIT.jpg
ART-0560,Situational Tips,How to deal with sudden weight gain of 2kg or more,https://havit-prod-us-east.s3.us-east-1.amazonaws.com/image/actions/image/IMG_CAT_SIT.jpg
ART-0561,Situational Tips,How to Deal Wisely with Injuries During Diet,https://havit-prod-us-east.s3.us-east-1.amazonaws.com/image/actions/image/IMG_CAT_SIT.jpg
ART-0562,Situational Tips,Meal Timing Strategies for Night Shift Workers,https://havit-prod-us-east.s3.us-east-1.amazonaws.com/image/actions/image/IMG_CAT_SIT.jpg
ART-0564,Situational Tips,Complete Health Management Guide for Shift Workers,https://havit-prod-us-east.s3.us-east-1.amazonaws.com/image/actions/image/IMG_CAT_SIT.jpg
ART-0565,Situational Tips,Ways to naturally increase movement while working from home,https://havit-prod-us-east.s3.us-east-1.amazonaws.com/image/actions/image/IMG_CAT_SIT.jpg
ART-0570,Situational Tips,Weight Management Strategies for Office Workers Who Sit 10 Hours a Day,https://havit-prod-us-east.s3.us-east-1.amazonaws.com/image/actions/image/IMG_SIT_001.jpg
ART-0572,Situational Tips,Minimum principles for maintaining health even on extremely busy days,https://havit-prod-us-east.s3.us-east-1.amazonaws.com/image/actions/image/IMG_CAT_SIT.jpg
ART-0574,Situational Tips,Realistic Weight Management Methods for Busy Moms,https://havit-prod-us-east.s3.us-east-1.amazonaws.com/image/actions/image/IMG_CAT_SIT.jpg
ART-0575,Situational Tips,Health Management Strategies for Caregivers,https://havit-prod-us-east.s3.us-east-1.amazonaws.com/image/actions/image/IMG_SIT_001.jpg
ART-0577,Situational Tips,Weight Management Strategies for Stage Performers,https://havit-prod-us-east.s3.us-east-1.amazonaws.com/image/actions/image/IMG_CAT_SIT.jpg
ART-0580,Situational Tips,Newlyweds Building Healthy Habits Together,https://havit-prod-us-east.s3.us-east-1.amazonaws.com/image/actions/image/IMG_CAT_SIT.jpg
ART-0584,Situational Tips,"Fitness Management for Military, Police, and Firefighters",https://havit-prod-us-east.s3.us-east-1.amazonaws.com/image/actions/image/IMG_CAT_SIT.jpg
ART-0600,Situational Tips,Smart Ways to Maintain Electrolyte Balance in Summer,https://havit-prod-us-east.s3.us-east-1.amazonaws.com/image/actions/image/IMG_SIT_005.jpg
ART-0604,Situational Tips,How to Scientifically Overcome Spring Seasonal Fatigue,https://havit-prod-us-east.s3.us-east-1.amazonaws.com/image/actions/image/IMG_CAT_SIT.jpg
ART-0605,Situational Tips,Scientific Reasons Why Appetite Increases in Fall,https://havit-prod-us-east.s3.us-east-1.amazonaws.com/image/actions/image/IMG_SIT_005.jpg
ART-0606,Situational Tips,How to Wisely Navigate Holiday Foods,https://havit-prod-us-east.s3.us-east-1.amazonaws.com/image/actions/image/IMG_SIT_002.jpg
ART-0607,Situational Tips,Holiday Weight Management: Maintaining Control Through Small Habits,https://havit-prod-us-east.s3.us-east-1.amazonaws.com/image/actions/image/IMG_SIT_002.jpg
ART-0608,Situational Tips,How to Stay Healthy While Enjoying Year-End Parties,https://havit-prod-us-east.s3.us-east-1.amazonaws.com/image/actions/image/IMG_SIT_004.jpg
ART-0609,Situational Tips,2-Week Intensive Management Before Summer Vacation,https://havit-prod-us-east.s3.us-east-1.amazonaws.com/image/actions/image/IMG_SIT_003.jpg
ART-0611,Situational Tips,How to Eat Healthy with Seasonal Ingredients,https://havit-prod-us-east.s3.us-east-1.amazonaws.com/image/actions/image/IMG_CAT_SIT.jpg
ART-0612,Situational Tips,Summer Food Poisoning Prevention Diet Management,https://havit-prod-us-east.s3.us-east-1.amazonaws.com/image/actions/image/IMG_SIT_005.jpg
ART-0613,Situational Tips,How to Choose Warm and Satisfying Low-Calorie Foods in Winter,https://havit-prod-us-east.s3.us-east-1.amazonaws.com/image/actions/image/IMG_SIT_005.jpg
ART-0614,Situational Tips,Spring Diet Reboot Strategy,https://havit-prod-us-east.s3.us-east-1.amazonaws.com/image/actions/image/IMG_CAT_SIT.jpg
ART-0653,Situational Tips,3-Step Strategy to Prevent Impulsive Delivery App Orders,https://havit-prod-us-east.s3.us-east-1.amazonaws.com/image/actions/image/IMG_MEAL_008.jpg
ART-0845,Situational Tips,Technique for breaking down monthly drinking goals into weekly targets,https://havit-prod-us-east.s3.us-east-1.amazonaws.com/image/actions/image/IMG_CAT_SIT.jpg
ART-0847,Situational Tips,How to recover your body condition the day after a company dinner,https://havit-prod-us-east.s3.us-east-1.amazonaws.com/image/actions/image/IMG_SIT_002.jpg
ART-0848,Situational Tips,Post-Travel Daily Life Recovery: 3-Day Health Reset Guide,https://havit-prod-us-east.s3.us-east-1.amazonaws.com/image/actions/image/IMG_SIT_003.jpg
ART-0849,Situational Tips,Reset strategies for returning to a healthy routine after holiday breaks,https://havit-prod-us-east.s3.us-east-1.amazonaws.com/image/actions/image/IMG_SIT_002.jpg
ART-0854,Situational Tips,Diet warning signs that require a hospital visit,https://havit-prod-us-east.s3.us-east-1.amazonaws.com/image/actions/image/IMG_CAT_SIT.jpg
ART-0856,Situational Tips,Extreme Fatigue: How to Cope in a Healthy Way,https://havit-prod-us-east.s3.us-east-1.amazonaws.com/image/actions/image/IMG_CAT_SIT.jpg
ART-0882,Situational Tips,Why One Drink Destroys Male Hormones,https://havit-prod-us-east.s3.us-east-1.amazonaws.com/image/actions/image/IMG_CAT_SIT.jpg
ART-0907,Situational Tips,How to Eat Healthy at Korean Restaurants,https://havit-prod-us-east.s3.us-east-1.amazonaws.com/image/actions/image/IMG_CAT_SIT.jpg
ART-0908,Situational Tips,Calorie-reducing choices at Chinese restaurants,https://havit-prod-us-east.s3.us-east-1.amazonaws.com/image/actions/image/IMG_CAT_SIT.jpg
ART-0909,Situational Tips,Choosing Dieter Menu at Japanese Restaurants,https://havit-prod-us-east.s3.us-east-1.amazonaws.com/image/actions/image/IMG_CAT_SIT.jpg
ART-0910,Situational Tips,Smart ways to request sauce on the side at Western restaurants,https://havit-prod-us-east.s3.us-east-1.amazonaws.com/image/actions/image/IMG_CAT_SIT.jpg
ART-0913,Situational Tips,The Golden Diet Combination Found at Convenience Stores,https://havit-prod-us-east.s3.us-east-1.amazonaws.com/image/actions/image/IMG_CAT_SIT.jpg
ART-0914,Situational Tips,Smart ways to filter healthy menu options on delivery apps,https://havit-prod-us-east.s3.us-east-1.amazonaws.com/image/actions/image/IMG_MEAL_008.jpg
ART-0915,Situational Tips,Delivery Food Calorie Rankings (Menus to Avoid),https://havit-prod-us-east.s3.us-east-1.amazonaws.com/image/actions/image/IMG_MEAL_008.jpg
ART-0916,Situational Tips,Choosing Bar Snacks Wisely,https://havit-prod-us-east.s3.us-east-1.amazonaws.com/image/actions/image/IMG_CAT_SIT.jpg
ART-1042,Situational Tips,5 Strategies to Overcome Friday Temptations,https://havit-prod-us-east.s3.us-east-1.amazonaws.com/image/actions/image/IMG_SIT_005.jpg
ART-1043,Situational Tips,3-Step Diet Management Method to Prevent Weekend Binge Eating,https://havit-prod-us-east.s3.us-east-1.amazonaws.com/image/actions/image/IMG_CAT_SIT.jpg
ART-1045,Situational Tips,Weekday vs Weekend Calorie Intake Pattern Comparison,https://havit-prod-us-east.s3.us-east-1.amazonaws.com/image/actions/image/IMG_CAT_SIT.jpg
ART-1046,Situational Tips,"Wedding D-14, Healthy Short-term Diet",https://havit-prod-us-east.s3.us-east-1.amazonaws.com/image/actions/image/IMG_SIT_004.jpg
ART-1047,Situational Tips,Perfect Preparation Before Reunion! Confidence Boosting Strategy,https://havit-prod-us-east.s3.us-east-1.amazonaws.com/image/actions/image/IMG_SIT_002.jpg
ART-1048,Situational Tips,Smart Ways to Manage Weight at Buffets,https://havit-prod-us-east.s3.us-east-1.amazonaws.com/image/actions/image/IMG_CAT_SIT.jpg
ART-1049,Situational Tips,Smart Ways to Manage Weight While Traveling Abroad,https://havit-prod-us-east.s3.us-east-1.amazonaws.com/image/actions/image/IMG_SIT_003.jpg
ART-1050,Situational Tips,3-Step Strategy for Healthy Eating During Domestic Travel,https://havit-prod-us-east.s3.us-east-1.amazonaws.com/image/actions/image/IMG_SIT_003.jpg
ART-1053,Situational Tips,3 Steps to Protect Blood Circulation During Long-Distance Flights,https://havit-prod-us-east.s3.us-east-1.amazonaws.com/image/actions/image/IMG_SIT_005.jpg
ART-1223,Situational Tips,5 Practical Techniques to Reduce Pain When Getting Injections,https://havit-prod-us-east.s3.us-east-1.amazonaws.com/image/actions/image/IMG_CAT_SIT.jpg
ART-1325,Situational Tips,Weekend Diet Failure? Situation-Specific Response Strategies,https://havit-prod-us-east.s3.us-east-1.amazonaws.com/image/actions/image/IMG_CAT_SIT.jpg
ART-1327,Situational Tips,"It's okay to eat out, if you do it this way",https://havit-prod-us-east.s3.us-east-1.amazonaws.com/image/actions/image/IMG_MEAL_008.jpg
ART-1337,Situational Tips,The Art of Napping: A Smart Way to Recover from Fatigue,https://havit-prod-us-east.s3.us-east-1.amazonaws.com/image/actions/image/IMG_CAT_SIT.jpg
ART-1347,Situational Tips,Be confident even in social gatherings! Smart health management tips,https://havit-prod-us-east.s3.us-east-1.amazonaws.com/image/actions/image/IMG_SIT_002.jpg
ART-1348,Situational Tips,Hydration management tips to avoid weight gain during drinking sessions,https://havit-prod-us-east.s3.us-east-1.amazonaws.com/image/actions/image/IMG_CAT_SIT.jpg
ART-1349,Situational Tips,"The Power of Declaration Effect: When You Speak Your Goals, They Become Reality",https://havit-prod-us-east.s3.us-east-1.amazonaws.com/image/actions/image/IMG_CAT_SIT.jpg
ART-1369,Situational Tips,Smart Habit Design Methods to Save Willpower,https://havit-prod-us-east.s3.us-east-1.amazonaws.com/image/actions/image/IMG_CAT_SIT.jpg
ART-1371,Situational Tips,Why proactive people lose weight,https://havit-prod-us-east.s3.us-east-1.amazonaws.com/image/actions/image/IMG_CAT_SIT.jpg
ART-1372,Situational Tips,Creating an Enjoyable Dining Table Conversation,https://havit-prod-us-east.s3.us-east-1.amazonaws.com/image/actions/image/IMG_SIT_002.jpg
ART-1380,Situational Tips,The Hidden Truth About How Alcohol Stops Fat Burning,https://havit-prod-us-east.s3.us-east-1.amazonaws.com/image/actions/image/IMG_CAT_SIT.jpg
ART-1385,Situational Tips,Smart Ordering Tips to Avoid Weight Gain When Dining Out,https://havit-prod-us-east.s3.us-east-1.amazonaws.com/image/actions/image/IMG_MEAL_008.jpg
ART-1392,Situational Tips,Mindfulness techniques to stop appetite surges,https://havit-prod-us-east.s3.us-east-1.amazonaws.com/image/actions/image/IMG_CAT_SIT.jpg
ART-1407,Situational Tips,Weekend Energy Recharge Method: The Golden Ratio of Rest and Movement,https://havit-prod-us-east.s3.us-east-1.amazonaws.com/image/actions/image/IMG_CAT_SIT.jpg
ART-1419,Situational Tips,How to Read Appetite Signals and Respond Wisely,https://havit-prod-us-east.s3.us-east-1.amazonaws.com/image/actions/image/IMG_CAT_SIT.jpg
ART-0156,Sleep & Recovery,Scientific Methods to Suppress Late-Night Snack Cravings in 5 Minutes,https://havit-prod-us-east.s3.us-east-1.amazonaws.com/image/articles/art_0156.jpg
ART-0166,Sleep & Recovery,The Real Reason Sleep Deprivation Triggers Appetite,https://havit-prod-us-east.s3.us-east-1.amazonaws.com/image/articles/art_0166.jpg
ART-0283,Sleep & Recovery,Why High-Intensity Exercise is Dangerous When Sleep Deprived,https://havit-prod-us-east.s3.us-east-1.amazonaws.com/image/actions/image/IMG_FLEX_005.jpg
ART-0293,Sleep & Recovery,Why It's Hard to Fall Asleep After Exercise and Solutions,https://havit-prod-us-east.s3.us-east-1.amazonaws.com/image/actions/image/IMG_SLEEP_001.jpg
ART-0348,Sleep & Recovery,Bed is for sleep only! CBT-I stimulus control method,https://havit-prod-us-east.s3.us-east-1.amazonaws.com/image/actions/image/IMG_SLEEP_001.jpg
ART-0349,Sleep & Recovery,The Scientific Reason Why Waking Up at the Same Time Every Day is Essential,https://havit-prod-us-east.s3.us-east-1.amazonaws.com/image/actions/image/IMG_SLEEP_001.jpg
ART-0350,Sleep & Recovery,The Scientific Reasons Why Late-Night Snacks Reduce Sleep Quality,https://havit-prod-us-east.s3.us-east-1.amazonaws.com/image/actions/image/IMG_SLEEP_001.jpg
ART-0351,Sleep & Recovery,The Hidden Truth About How Sleep Deprivation Sabotages Your Diet,https://havit-prod-us-east.s3.us-east-1.amazonaws.com/image/actions/image/IMG_SLEEP_001.jpg
ART-0352,Sleep & Recovery,The reason you gain weight when you can't sleep is because of hormones,https://havit-prod-us-east.s3.us-east-1.amazonaws.com/image/actions/image/IMG_SLEEP_001.jpg
ART-0353,Sleep & Recovery,Sleep-disrupting foods to avoid after dinner,https://havit-prod-us-east.s3.us-east-1.amazonaws.com/image/actions/image/IMG_SLEEP_001.jpg
ART-0354,Sleep & Recovery,Creating a Bedroom Environment for Easy Sleep,https://havit-prod-us-east.s3.us-east-1.amazonaws.com/image/actions/image/IMG_SLEEP_001.jpg
ART-0355,Sleep & Recovery,Why bedtime routines determine sleep quality,https://havit-prod-us-east.s3.us-east-1.amazonaws.com/image/actions/image/IMG_SLEEP_001.jpg
ART-0356,Sleep & Recovery,The Scientific Reason Why Blue Light Ruins Sleep and Appetite,https://havit-prod-us-east.s3.us-east-1.amazonaws.com/image/actions/image/IMG_SLEEP_001.jpg
ART-0357,Sleep & Recovery,The Scientific Reason Why Lack of Sleep Causes Weight Gain,https://havit-prod-us-east.s3.us-east-1.amazonaws.com/image/actions/image/IMG_SLEEP_001.jpg
ART-0358,Sleep & Recovery,Shocking Changes Irregular Sleep Has on Your Body,https://havit-prod-us-east.s3.us-east-1.amazonaws.com/image/actions/image/IMG_SLEEP_001.jpg
ART-0359,Sleep & Recovery,How to maintain sleep quality even on busy days,https://havit-prod-us-east.s3.us-east-1.amazonaws.com/image/actions/image/IMG_SLEEP_001.jpg
ART-0360,Sleep & Recovery,Why do we want to eat more when we lack sleep?,https://havit-prod-us-east.s3.us-east-1.amazonaws.com/image/actions/image/IMG_SLEEP_001.jpg
ART-0361,Sleep & Recovery,Find Better Sleep by Checking My Sleep Patterns,https://havit-prod-us-east.s3.us-east-1.amazonaws.com/image/actions/image/IMG_SLEEP_001.jpg
ART-0362,Sleep & Recovery,Amazing Changes That Happen in Your Body When Sleep Quality Improves,https://havit-prod-us-east.s3.us-east-1.amazonaws.com/image/actions/image/IMG_FLEX_005.jpg
ART-0363,Sleep & Recovery,Why consistent sleep is more important than perfect 8 hours,https://havit-prod-us-east.s3.us-east-1.amazonaws.com/image/actions/image/IMG_SLEEP_001.jpg
ART-0402,Sleep & Recovery,Signs You Need a Diet Break,https://havit-prod-us-east.s3.us-east-1.amazonaws.com/image/actions/image/IMG_SLEEP_001.jpg
ART-0408,Sleep & Recovery,Insomnia during dieting is a signal from your body,https://havit-prod-us-east.s3.us-east-1.amazonaws.com/image/actions/image/IMG_SLEEP_001.jpg
ART-0446,Sleep & Recovery,Block late-night snack cravings with an evening routine,https://havit-prod-us-east.s3.us-east-1.amazonaws.com/image/actions/image/IMG_SLEEP_001.jpg
ART-0563,Sleep & Recovery,Sleep-Exercise-Meal Balance Method for Shift Workers,https://havit-prod-us-east.s3.us-east-1.amazonaws.com/image/actions/image/IMG_SLEEP_001.jpg
ART-0638,Sleep & Recovery,Why Sleep Deprivation Disrupts Appetite Hormones,https://havit-prod-us-east.s3.us-east-1.amazonaws.com/image/actions/image/IMG_SLEEP_001.jpg
ART-0656,Sleep & Recovery,Understanding Real Sleep Quality with Sleep Tracker Data,https://havit-prod-us-east.s3.us-east-1.amazonaws.com/image/actions/image/IMG_SLEEP_001.jpg
ART-0668,Sleep & Recovery,The Scientific Reason Why Late-Night Lighting Triggers Appetite,https://havit-prod-us-east.s3.us-east-1.amazonaws.com/image/actions/image/IMG_SLEEP_001.jpg
ART-0852,Sleep & Recovery,Daily survival strategies when sleep deprived,https://havit-prod-us-east.s3.us-east-1.amazonaws.com/image/actions/image/IMG_SLEEP_001.jpg
ART-0927,Sleep & Recovery,Understanding the role of each sleep stage will transform your sleep,https://havit-prod-us-east.s3.us-east-1.amazonaws.com/image/actions/image/IMG_SLEEP_001.jpg
ART-0928,Sleep & Recovery,Why Deep Sleep is Important for Weight Loss,https://havit-prod-us-east.s3.us-east-1.amazonaws.com/image/actions/image/IMG_SLEEP_001.jpg
ART-0929,Sleep & Recovery,Lifestyle habits to increase deep sleep,https://havit-prod-us-east.s3.us-east-1.amazonaws.com/image/actions/image/IMG_SLEEP_001.jpg
ART-0930,Sleep & Recovery,What happens when sleep debt accumulates,https://havit-prod-us-east.s3.us-east-1.amazonaws.com/image/actions/image/IMG_SLEEP_001.jpg
ART-0931,Sleep & Recovery,Realistic Ways to Pay Off Sleep Debt,https://havit-prod-us-east.s3.us-east-1.amazonaws.com/image/actions/image/IMG_SLEEP_001.jpg
ART-0932,Sleep & Recovery,The Scientific Reason Why Sleep Deprivation Causes Appetite to Surge,https://havit-prod-us-east.s3.us-east-1.amazonaws.com/image/actions/image/IMG_FLEX_005.jpg
ART-0933,Sleep & Recovery,3 Hours Before Sleep: The Golden Timing for Your Last Meal,https://havit-prod-us-east.s3.us-east-1.amazonaws.com/image/actions/image/IMG_SLEEP_001.jpg
ART-0934,Sleep & Recovery,Why an afternoon cup of coffee disrupts your nighttime sleep,https://havit-prod-us-east.s3.us-east-1.amazonaws.com/image/actions/image/IMG_SLEEP_001.jpg
ART-1040,Sleep & Recovery,Reasons Why You Can't Sleep After Evening Exercise and Solutions,https://havit-prod-us-east.s3.us-east-1.amazonaws.com/image/actions/image/IMG_SLEEP_001.jpg
ART-1082,Sleep & Recovery,Natural Diet Hormone Your Body Makes While Sleeping,https://havit-prod-us-east.s3.us-east-1.amazonaws.com/image/actions/image/IMG_SLEEP_001.jpg
ART-1233,Sleep & Recovery,Deep sleep in 5 minutes with 4-7-8 breathing technique,https://havit-prod-us-east.s3.us-east-1.amazonaws.com/image/actions/image/IMG_SLEEP_001.jpg
ART-1280,Sleep & Recovery,Weight Loss While You Sleep: The Secret of Sleep Diet,https://havit-prod-us-east.s3.us-east-1.amazonaws.com/image/actions/image/IMG_SLEEP_001.jpg
ART-1287,Sleep & Recovery,Fix your sleep to save your muscles,https://havit-prod-us-east.s3.us-east-1.amazonaws.com/image/actions/image/IMG_SLEEP_001.jpg
ART-1335,Sleep & Recovery,Fix your sleep to lose weight,https://havit-prod-us-east.s3.us-east-1.amazonaws.com/image/actions/image/IMG_SLEEP_001.jpg
ART-1336,Sleep & Recovery,Sleep determines diet success,https://havit-prod-us-east.s3.us-east-1.amazonaws.com/image/actions/image/IMG_SLEEP_001.jpg
ART-1353,Sleep & Recovery,Rest well to lose better! The science of recovery,https://havit-prod-us-east.s3.us-east-1.amazonaws.com/image/actions/image/IMG_CAT_SLEEP.jpg
ART-1354,Sleep & Recovery,3-Minute Lymphatic Massage Before Bed to Reduce Swelling,https://havit-prod-us-east.s3.us-east-1.amazonaws.com/image/actions/image/IMG_SLEEP_001.jpg
ART-1360,Sleep & Recovery,Why 16-19°C Creates the Golden Time for Deep Sleep,https://havit-prod-us-east.s3.us-east-1.amazonaws.com/image/actions/image/IMG_SLEEP_001.jpg
ART-1362,Sleep & Recovery,The Scientific Secret of How Complete Darkness Creates Deep Sleep,https://havit-prod-us-east.s3.us-east-1.amazonaws.com/image/actions/image/IMG_SLEEP_001.jpg
ART-1383,Sleep & Recovery,The Real Reason Sleep Deprivation Causes Weight Gain,https://havit-prod-us-east.s3.us-east-1.amazonaws.com/image/actions/image/IMG_SLEEP_001.jpg
ART-1393,Sleep & Recovery,Sleep routine starting tonight,https://havit-prod-us-east.s3.us-east-1.amazonaws.com/image/actions/image/IMG_FLEX_005.jpg
ART-0104,Tracking & Insights,How to easily start when food logging feels overwhelming,https://havit-prod-us-east.s3.us-east-1.amazonaws.com/image/articles/art_0104.jpg
ART-0106,Tracking & Insights,The Scientific Effects of Food Logging on Weight Loss,https://havit-prod-us-east.s3.us-east-1.amazonaws.com/image/articles/art_0106.jpg
ART-0384,Tracking & Insights,Recording small achievements changes your brain,https://havit-prod-us-east.s3.us-east-1.amazonaws.com/image/actions/image/IMG_TRACK_001.jpg
ART-0472,Tracking & Insights,Weight tracking alone doubles diet success rate,https://havit-prod-us-east.s3.us-east-1.amazonaws.com/image/actions/image/IMG_WT_001.jpg
ART-0475,Tracking & Insights,More accurate body change measurement methods than a scale,https://havit-prod-us-east.s3.us-east-1.amazonaws.com/image/actions/image/IMG_WT_001.jpg
ART-0479,Tracking & Insights,Don't be fooled by the scale numbers! Real ways to measure change,https://havit-prod-us-east.s3.us-east-1.amazonaws.com/image/actions/image/IMG_WT_001.jpg
ART-0480,Tracking & Insights,How to Track Changes with Body Progress Photos,https://havit-prod-us-east.s3.us-east-1.amazonaws.com/image/actions/image/IMG_WT_001.jpg
ART-0481,Tracking & Insights,How to Properly Read InBody Measurement Values,https://havit-prod-us-east.s3.us-east-1.amazonaws.com/image/actions/image/IMG_WT_001.jpg
ART-0482,Tracking & Insights,Smart ways to cope when disappointed by the scale numbers,https://havit-prod-us-east.s3.us-east-1.amazonaws.com/image/actions/image/IMG_WT_001.jpg
ART-0545,Tracking & Insights,"CGM Diet vs Traditional Diet, Effectiveness Comparison",https://havit-prod-us-east.s3.us-east-1.amazonaws.com/image/actions/image/IMG_CAT_TRACK.jpg
ART-0551,Tracking & Insights,Diet app tracking: This method triples your success rate,https://havit-prod-us-east.s3.us-east-1.amazonaws.com/image/actions/image/IMG_WT_001.jpg
ART-0583,Tracking & Insights,Smart Health Tracking Methods for Digital Nomads,https://havit-prod-us-east.s3.us-east-1.amazonaws.com/image/actions/image/IMG_TRACK_001.jpg
ART-0645,Tracking & Insights,The Scientific Reasons Why Increased Screen Time Leads to Weight Gain,https://havit-prod-us-east.s3.us-east-1.amazonaws.com/image/actions/image/IMG_CAT_TRACK.jpg
ART-0646,Tracking & Insights,The Scientific Reason Why SNS Food Photos Stimulate Appetite,https://havit-prod-us-east.s3.us-east-1.amazonaws.com/image/actions/image/IMG_CAT_TRACK.jpg
ART-0649,Tracking & Insights,3-Step Guide to Properly Using Diet Apps,https://havit-prod-us-east.s3.us-east-1.amazonaws.com/image/actions/image/IMG_WT_001.jpg
ART-0655,Tracking & Insights,How to Use Calorie Tracking Apps Accurately,https://havit-prod-us-east.s3.us-east-1.amazonaws.com/image/actions/image/IMG_WT_001.jpg
ART-0658,Tracking & Insights,The Scientific Principles of How Health App Notifications Create Habits,https://havit-prod-us-east.s3.us-east-1.amazonaws.com/image/actions/image/IMG_TRACK_001.jpg
ART-0689,Tracking & Insights,Why the scale number isn't everything,https://havit-prod-us-east.s3.us-east-1.amazonaws.com/image/actions/image/IMG_WT_001.jpg
ART-0691,Tracking & Insights,"The truth the scale missed, what the measuring tape tells you",https://havit-prod-us-east.s3.us-east-1.amazonaws.com/image/actions/image/IMG_WT_001.jpg
ART-0692,Tracking & Insights,Accurate Waist and Hip Circumference Measurement Method,https://havit-prod-us-east.s3.us-east-1.amazonaws.com/image/actions/image/IMG_CAT_TRACK.jpg
ART-0693,Tracking & Insights,The Scientific Effects of Recording Body Changes Through Photos,https://havit-prod-us-east.s3.us-east-1.amazonaws.com/image/actions/image/IMG_WT_001.jpg
ART-0695,Tracking & Insights,"Body fat percentage measurement, which method is most accurate?",https://havit-prod-us-east.s3.us-east-1.amazonaws.com/image/actions/image/IMG_WT_004.jpg
ART-0696,Tracking & Insights,Complete Comparison Guide to Body Fat Measurement Methods,https://havit-prod-us-east.s3.us-east-1.amazonaws.com/image/actions/image/IMG_WT_004.jpg
ART-0697,Tracking & Insights,The Amazing Science of How Food Logging Changes Your Brain,https://havit-prod-us-east.s3.us-east-1.amazonaws.com/image/actions/image/IMG_TRACK_001.jpg
ART-0698,Tracking & Insights,Checking when health tracking becomes burdensome,https://havit-prod-us-east.s3.us-east-1.amazonaws.com/image/actions/image/IMG_WT_001.jpg
ART-0699,Tracking & Insights,Recording important changes beyond scale numbers,https://havit-prod-us-east.s3.us-east-1.amazonaws.com/image/actions/image/IMG_WT_001.jpg
ART-0701,Tracking & Insights,Simplified strategies for those who find meal logging burdensome,https://havit-prod-us-east.s3.us-east-1.amazonaws.com/image/actions/image/IMG_TRACK_001.jpg
ART-0702,Tracking & Insights,Things More Important Than the Number on the Scale,https://havit-prod-us-east.s3.us-east-1.amazonaws.com/image/actions/image/IMG_WT_001.jpg
ART-0703,Tracking & Insights,Real changes confirmed through clothing fit,https://havit-prod-us-east.s3.us-east-1.amazonaws.com/image/actions/image/IMG_WT_001.jpg
ART-0827,Tracking & Insights,Why Recording is the Key to Diet Success,https://havit-prod-us-east.s3.us-east-1.amazonaws.com/image/actions/image/IMG_TRACK_001.jpg
ART-0828,Tracking & Insights,How to finish diet logging in 5 minutes,https://havit-prod-us-east.s3.us-east-1.amazonaws.com/image/actions/image/IMG_TRACK_001.jpg
ART-0839,Tracking & Insights,How to Properly Analyze Weekly Reports,https://havit-prod-us-east.s3.us-east-1.amazonaws.com/image/actions/image/IMG_CAT_TRACK.jpg
ART-0840,Tracking & Insights,Why Weekly Reviews Increase Success Rate by 70%,https://havit-prod-us-east.s3.us-east-1.amazonaws.com/image/actions/image/IMG_WT_001.jpg
ART-0841,Tracking & Insights,Practice Finding What You Did Well Last Week,https://havit-prod-us-east.s3.us-east-1.amazonaws.com/image/actions/image/IMG_CAT_TRACK.jpg
ART-0842,Tracking & Insights,How to Create Next Week's Action Plan,https://havit-prod-us-east.s3.us-east-1.amazonaws.com/image/actions/image/IMG_CAT_TRACK.jpg
ART-0844,Tracking & Insights,Finding Non-Scale Victories More Important Than Numbers,https://havit-prod-us-east.s3.us-east-1.amazonaws.com/image/actions/image/IMG_WT_001.jpg
ART-0846,Tracking & Insights,Key Question List for Checking Habit Progress,https://havit-prod-us-east.s3.us-east-1.amazonaws.com/image/actions/image/IMG_CAT_TRACK.jpg
ART-0853,Tracking & Insights,How to return when you've taken a long break from tracking,https://havit-prod-us-east.s3.us-east-1.amazonaws.com/image/actions/image/IMG_TRACK_001.jpg
ART-0857,Tracking & Insights,Accurately read my body condition with avatar health level,https://havit-prod-us-east.s3.us-east-1.amazonaws.com/image/actions/image/IMG_CAT_TRACK.jpg
ART-0858,Tracking & Insights,The Scientific Principles Behind Avatar Transformation,https://havit-prod-us-east.s3.us-east-1.amazonaws.com/image/actions/image/IMG_CAT_TRACK.jpg
ART-0859,Tracking & Insights,3 Tips to Increase Your Daily Quest Completion Rate,https://havit-prod-us-east.s3.us-east-1.amazonaws.com/image/actions/image/IMG_CAT_TRACK.jpg
ART-0862,Tracking & Insights,How to Increase Health IQ,https://havit-prod-us-east.s3.us-east-1.amazonaws.com/image/actions/image/IMG_CAT_TRACK.jpg
ART-0864,Tracking & Insights,Make habits feel like a game with badges and reward systems,https://havit-prod-us-east.s3.us-east-1.amazonaws.com/image/actions/image/IMG_CAT_TRACK.jpg
ART-1066,Tracking & Insights,3-Step Strategy to Utilize Havi AI Coach 100%,https://havit-prod-us-east.s3.us-east-1.amazonaws.com/image/actions/image/IMG_CAT_TRACK.jpg
ART-1067,Tracking & Insights,Maximizing Health Benefits Through Daily Mission Priorities,https://havit-prod-us-east.s3.us-east-1.amazonaws.com/image/actions/image/IMG_CAT_TRACK.jpg
ART-1068,Tracking & Insights,The Hidden Principle of How Health Records Change Habits,https://havit-prod-us-east.s3.us-east-1.amazonaws.com/image/actions/image/IMG_WT_001.jpg
ART-1069,Tracking & Insights,Increase habit success rate 3x with smart notifications,https://havit-prod-us-east.s3.us-east-1.amazonaws.com/image/actions/image/IMG_CAT_TRACK.jpg
ART-1070,Tracking & Insights,Discover My Habit Growth Patterns with Weekly Reports,https://havit-prod-us-east.s3.us-east-1.amazonaws.com/image/actions/image/IMG_CAT_TRACK.jpg
ART-1072,Tracking & Insights,3-Step Formula for Asking Smart Questions to Havi,https://havit-prod-us-east.s3.us-east-1.amazonaws.com/image/actions/image/IMG_CAT_TRACK.jpg
ART-1073,Tracking & Insights,Building habits becomes this easy with the challenge feature?,https://havit-prod-us-east.s3.us-east-1.amazonaws.com/image/actions/image/IMG_CAT_TRACK.jpg
ART-1313,Tracking & Insights,Morning vs Afternoon Weight: Read the Hidden Signals,https://havit-prod-us-east.s3.us-east-1.amazonaws.com/image/actions/image/IMG_WT_001.jpg
ART-1314,Tracking & Insights,Reading My Body's Stress Signals Through SDNN Values,https://havit-prod-us-east.s3.us-east-1.amazonaws.com/image/actions/image/IMG_CAT_TRACK.jpg
ART-1317,Tracking & Insights,The Power of Visual Body Changes Over Numbers,https://havit-prod-us-east.s3.us-east-1.amazonaws.com/image/actions/image/IMG_CAT_TRACK.jpg
ART-1322,Tracking & Insights,How One Photo Creates Dietary Habit Change,https://havit-prod-us-east.s3.us-east-1.amazonaws.com/image/actions/image/IMG_TRACK_001.jpg
ART-1373,Tracking & Insights,Why Morning Weight Measurement Increases Diet Success Rate,https://havit-prod-us-east.s3.us-east-1.amazonaws.com/image/actions/image/IMG_WT_001.jpg
ART-1382,Tracking & Insights,Manage your body's pH balance with data,https://havit-prod-us-east.s3.us-east-1.amazonaws.com/image/actions/image/IMG_TRACK_003.jpg
ART-1388,Tracking & Insights,How to read InBody measurements accurately,https://havit-prod-us-east.s3.us-east-1.amazonaws.com/image/actions/image/IMG_WT_004.jpg
ART-1406,Tracking & Insights,How to Create a Balanced Meal,https://havit-prod-us-east.s3.us-east-1.amazonaws.com/image/actions/image/IMG_WT_001.jpg
ART-0039,Weight & Metabolism,Why Vitamin B Deficiency Hinders Weight Loss,https://havit-prod-us-east.s3.us-east-1.amazonaws.com/image/articles/art_0039.jpg
ART-0057,Weight & Metabolism,The Scientific Principles of How Protein Increases Basal Metabolic Rate,https://havit-prod-us-east.s3.us-east-1.amazonaws.com/image/articles/art_0057.jpg
ART-0068,Weight & Metabolism,Protein Intake Strategy for Weight Loss Without Muscle Loss,https://havit-prod-us-east.s3.us-east-1.amazonaws.com/image/articles/art_0068.jpg
ART-0081,Weight & Metabolism,Why Blood Sugar Management is Key to Body Fat Loss,https://havit-prod-us-east.s3.us-east-1.amazonaws.com/image/articles/art_0081.jpg
ART-0095,Weight & Metabolism,"Even with the same calories, the timing of when you eat determines weight changes",https://havit-prod-us-east.s3.us-east-1.amazonaws.com/image/articles/art_0095.jpg
ART-0098,Weight & Metabolism,How to lose weight naturally without counting calories,https://havit-prod-us-east.s3.us-east-1.amazonaws.com/image/articles/art_0098.jpg
ART-0099,Weight & Metabolism,The Impact of Caloric Deficit on Basal Metabolic Rate,https://havit-prod-us-east.s3.us-east-1.amazonaws.com/image/articles/art_0099.jpg
ART-0100,Weight & Metabolism,Scientific reasons why food logging is effective for weight loss,https://havit-prod-us-east.s3.us-east-1.amazonaws.com/image/articles/art_0100.jpg
ART-0311,Weight & Metabolism,Using a massage gun to release muscles speeds up metabolism,https://havit-prod-us-east.s3.us-east-1.amazonaws.com/image/actions/image/IMG_WT_003.jpg
ART-0345,Weight & Metabolism,Is weight loss stalled due to bloating? How to restore water balance,https://havit-prod-us-east.s3.us-east-1.amazonaws.com/image/actions/image/IMG_WT_001.jpg
ART-0396,Weight & Metabolism,Why obsessing over rapid weight loss actually makes you gain weight,https://havit-prod-us-east.s3.us-east-1.amazonaws.com/image/actions/image/IMG_WT_001.jpg
ART-0468,Weight & Metabolism,Why weighing yourself daily helps with weight loss,https://havit-prod-us-east.s3.us-east-1.amazonaws.com/image/actions/image/IMG_WT_001.jpg
ART-0470,Weight & Metabolism,Optimal Timing and Accurate Methods for Weight Measurement,https://havit-prod-us-east.s3.us-east-1.amazonaws.com/image/actions/image/IMG_WT_001.jpg
ART-0473,Weight & Metabolism,What to Do When the Scale Becomes Stressful,https://havit-prod-us-east.s3.us-east-1.amazonaws.com/image/actions/image/IMG_WT_001.jpg
ART-0476,Weight & Metabolism,How often you step on the scale determines your success,https://havit-prod-us-east.s3.us-east-1.amazonaws.com/image/actions/image/IMG_WT_001.jpg
ART-0477,Weight & Metabolism,"The Science of Weight Recording, Accurate Measurement Methods",https://havit-prod-us-east.s3.us-east-1.amazonaws.com/image/actions/image/IMG_WT_001.jpg
ART-0478,Weight & Metabolism,Scale Phobia: How to Overcome It,https://havit-prod-us-east.s3.us-east-1.amazonaws.com/image/actions/image/IMG_WT_001.jpg
ART-0483,Weight & Metabolism,5 Things to Check When You're Not Losing Weight,https://havit-prod-us-east.s3.us-east-1.amazonaws.com/image/actions/image/IMG_WT_001.jpg
ART-0485,Weight & Metabolism,"Weight plateau is a sign of adaptation, not failure",https://havit-prod-us-east.s3.us-east-1.amazonaws.com/image/actions/image/IMG_WT_001.jpg
ART-0486,Weight & Metabolism,The Real Reason Your Metabolism Suddenly Slows Down,https://havit-prod-us-east.s3.us-east-1.amazonaws.com/image/actions/image/IMG_WT_001.jpg
ART-0487,Weight & Metabolism,The Real Reason Weight Loss Only Happens in Early Diet,https://havit-prod-us-east.s3.us-east-1.amazonaws.com/image/actions/image/IMG_WT_001.jpg
ART-0488,Weight & Metabolism,Why I'm not losing weight on the same diet as others,https://havit-prod-us-east.s3.us-east-1.amazonaws.com/image/actions/image/IMG_WT_001.jpg
ART-0490,Weight & Metabolism,Don't be fooled by the scale numbers! Real changes are happening elsewhere,https://havit-prod-us-east.s3.us-east-1.amazonaws.com/image/actions/image/IMG_WT_001.jpg
ART-0492,Weight & Metabolism,Weight Loss Plateau: Never Do These 3 Things,https://havit-prod-us-east.s3.us-east-1.amazonaws.com/image/actions/image/IMG_WT_001.jpg
ART-0493,Weight & Metabolism,Body condition checklist requiring metabolic recovery before weight loss,https://havit-prod-us-east.s3.us-east-1.amazonaws.com/image/actions/image/IMG_WT_001.jpg
ART-0494,Weight & Metabolism,The Scientific Reasons Why Slow Weight Loss Diets Succeed,https://havit-prod-us-east.s3.us-east-1.amazonaws.com/image/actions/image/IMG_WT_001.jpg
ART-0496,Weight & Metabolism,Diet Plateau Breakthrough Checklist,https://havit-prod-us-east.s3.us-east-1.amazonaws.com/image/actions/image/IMG_WT_001.jpg
ART-0497,Weight & Metabolism,Weight yo-yo effect: Why does it happen and how can we prevent it?,https://havit-prod-us-east.s3.us-east-1.amazonaws.com/image/actions/image/IMG_WT_001.jpg
ART-0499,Weight & Metabolism,Gained 2kg in one day? It's not real fat,https://havit-prod-us-east.s3.us-east-1.amazonaws.com/image/actions/image/IMG_WT_001.jpg
ART-0500,Weight & Metabolism,Let's correct the misconception that your metabolism is broken,https://havit-prod-us-east.s3.us-east-1.amazonaws.com/image/actions/image/IMG_WT_001.jpg
ART-0501,Weight & Metabolism,Why you're succeeding even when your weight stays the same,https://havit-prod-us-east.s3.us-east-1.amazonaws.com/image/actions/image/IMG_WT_001.jpg
ART-0502,Weight & Metabolism,Body signals that change before the scale numbers,https://havit-prod-us-east.s3.us-east-1.amazonaws.com/image/actions/image/IMG_WT_001.jpg
ART-0504,Weight & Metabolism,Why dieting becomes harder the longer it goes on,https://havit-prod-us-east.s3.us-east-1.amazonaws.com/image/actions/image/IMG_WT_001.jpg
ART-0505,Weight & Metabolism,Weight Loss Plateau: When Should You Adjust Your Pace,https://havit-prod-us-east.s3.us-east-1.amazonaws.com/image/actions/image/IMG_WT_002.jpg
ART-0507,Weight & Metabolism,Don't try to lose more during a plateau - focus on maintaining your current weight,https://havit-prod-us-east.s3.us-east-1.amazonaws.com/image/actions/image/IMG_WT_001.jpg
ART-0508,Weight & Metabolism,5 Dangerous Lifestyle Patterns That Lower Your Basal Metabolic Rate,https://havit-prod-us-east.s3.us-east-1.amazonaws.com/image/actions/image/IMG_WT_001.jpg
ART-0509,Weight & Metabolism,A plateau is the process of your body finding a new balance,https://havit-prod-us-east.s3.us-east-1.amazonaws.com/image/actions/image/IMG_WT_001.jpg
ART-0510,Weight & Metabolism,Weight plateaus are an important signal that your body is adapting to a new weight,https://havit-prod-us-east.s3.us-east-1.amazonaws.com/image/actions/image/IMG_WT_001.jpg
ART-0511,Weight & Metabolism,When the scale number stays the same but you're actually losing weight,https://havit-prod-us-east.s3.us-east-1.amazonaws.com/image/actions/image/IMG_WT_001.jpg
ART-0518,Weight & Metabolism,Scientific Methods to Increase Basal Metabolic Rate,https://havit-prod-us-east.s3.us-east-1.amazonaws.com/image/actions/image/IMG_WT_003.jpg
ART-0523,Weight & Metabolism,The Science of Yo-Yo Effect: Set Point Theory,https://havit-prod-us-east.s3.us-east-1.amazonaws.com/image/actions/image/IMG_WT_001.jpg
ART-0526,Weight & Metabolism,How to Maintain Skin Elasticity During Rapid Weight Loss,https://havit-prod-us-east.s3.us-east-1.amazonaws.com/image/actions/image/IMG_WT_001.jpg
ART-0534,Weight & Metabolism,Why a 1-degree increase in body temperature raises basal metabolic rate by 13%,https://havit-prod-us-east.s3.us-east-1.amazonaws.com/image/actions/image/IMG_WT_003.jpg
ART-0536,Weight & Metabolism,The real reason lower body fat won't come off is in your blood vessels,https://havit-prod-us-east.s3.us-east-1.amazonaws.com/image/actions/image/IMG_WT_002.jpg
ART-0554,Weight & Metabolism,Strategic Cheat Day to Break Through Diet Plateaus,https://havit-prod-us-east.s3.us-east-1.amazonaws.com/image/actions/image/IMG_WT_001.jpg
ART-0555,Weight & Metabolism,How to Take Photos That Show Weight Loss,https://havit-prod-us-east.s3.us-east-1.amazonaws.com/image/actions/image/IMG_CAT_WT.jpg
ART-0585,Weight & Metabolism,The Truth About Metabolic Changes After Age 60,https://havit-prod-us-east.s3.us-east-1.amazonaws.com/image/actions/image/IMG_WT_001.jpg
ART-0687,Weight & Metabolism,Scientific Calculation Method for Setting Realistic Weight Loss Goals,https://havit-prod-us-east.s3.us-east-1.amazonaws.com/image/actions/image/IMG_WT_001.jpg
ART-0690,Weight & Metabolism,How to Track Changes with Accurate Weight Measurement,https://havit-prod-us-east.s3.us-east-1.amazonaws.com/image/actions/image/IMG_WT_001.jpg
ART-0708,Weight & Metabolism,How to Start Again Without Self-Blame After Weight Regain,https://havit-prod-us-east.s3.us-east-1.amazonaws.com/image/actions/image/IMG_WT_001.jpg
ART-0787,Weight & Metabolism,The Scientific Reasons Why Extreme Calorie Restriction Damages Your Metabolism,https://havit-prod-us-east.s3.us-east-1.amazonaws.com/image/actions/image/IMG_WT_003.jpg
ART-0794,Weight & Metabolism,What's More Important Than Scale Numbers: Body Composition Improvement Methods,https://havit-prod-us-east.s3.us-east-1.amazonaws.com/image/actions/image/IMG_WT_001.jpg
ART-0802,Weight & Metabolism,The Magic of 5% Weight Loss: Your Body Transforms,https://havit-prod-us-east.s3.us-east-1.amazonaws.com/image/actions/image/IMG_WT_001.jpg
ART-0881,Weight & Metabolism,3-Stage Metabolic Booster Strategy for Men in Their 40s,https://havit-prod-us-east.s3.us-east-1.amazonaws.com/image/actions/image/IMG_WT_001.jpg
ART-0952,Weight & Metabolism,Awakening Your Metabolic Engine with Spices: How Daily Foods Become Your Fat-Burning Switch,https://havit-prod-us-east.s3.us-east-1.amazonaws.com/image/actions/image/IMG_WT_006.jpg
ART-0958,Weight & Metabolism,Why You Should Increase Your BMR in Your 20s,https://havit-prod-us-east.s3.us-east-1.amazonaws.com/image/actions/image/IMG_WT_006.jpg
ART-0962,Weight & Metabolism,Understanding Metabolic Decline Starting in Your 30s,https://havit-prod-us-east.s3.us-east-1.amazonaws.com/image/actions/image/IMG_WT_006.jpg
ART-0970,Weight & Metabolism,How to Revive Slowed Metabolism in Your 50s Through Diet,https://havit-prod-us-east.s3.us-east-1.amazonaws.com/image/actions/image/IMG_WT_006.jpg
ART-1037,Weight & Metabolism,"5 Minutes in the Morning, Wake Up Your Metabolism Engine",https://havit-prod-us-east.s3.us-east-1.amazonaws.com/image/actions/image/IMG_WT_006.jpg
ART-1074,Weight & Metabolism,"Understanding BMR, Your Body's Energy Engine",https://havit-prod-us-east.s3.us-east-1.amazonaws.com/image/actions/image/IMG_WT_001.jpg
ART-1075,Weight & Metabolism,Knowing your Total Daily Energy Expenditure (TDEE) makes weight management easier,https://havit-prod-us-east.s3.us-east-1.amazonaws.com/image/actions/image/IMG_WT_001.jpg
ART-1076,Weight & Metabolism,The Truth About Diet Plateaus: Complete Analysis of Metabolic Adaptation,https://havit-prod-us-east.s3.us-east-1.amazonaws.com/image/actions/image/IMG_WT_006.jpg
ART-1077,Weight & Metabolism,3 Strategies to Overcome Metabolic Adaptation,https://havit-prod-us-east.s3.us-east-1.amazonaws.com/image/actions/image/IMG_WT_006.jpg
ART-1078,Weight & Metabolism,How to Use TEF to Increase Post-Meal Calorie Burn by 30%,https://havit-prod-us-east.s3.us-east-1.amazonaws.com/image/actions/image/IMG_WT_001.jpg
ART-1084,Weight & Metabolism,Golden Time and Method for Accurate Weight Measurement,https://havit-prod-us-east.s3.us-east-1.amazonaws.com/image/actions/image/IMG_WT_001.jpg
ART-1085,Weight & Metabolism,Why Your Weight Changes Daily and How to Measure It Correctly,https://havit-prod-us-east.s3.us-east-1.amazonaws.com/image/actions/image/IMG_WT_001.jpg
ART-1088,Weight & Metabolism,Why the scale number isn't everything,https://havit-prod-us-east.s3.us-east-1.amazonaws.com/image/actions/image/IMG_WT_001.jpg
ART-1090,Weight & Metabolism,Don't be fooled by the scale numbers! Reading trend lines,https://havit-prod-us-east.s3.us-east-1.amazonaws.com/image/actions/image/IMG_WT_001.jpg
ART-1091,Weight & Metabolism,How to Scientifically Overcome Weight Loss Plateaus,https://havit-prod-us-east.s3.us-east-1.amazonaws.com/image/actions/image/IMG_WT_001.jpg
ART-1092,Weight & Metabolism,Break through weight plateaus with scientific methods,https://havit-prod-us-east.s3.us-east-1.amazonaws.com/image/actions/image/IMG_WT_001.jpg
ART-1093,Weight & Metabolism,Don't be fooled by the scale numbers! The truth about body composition,https://havit-prod-us-east.s3.us-east-1.amazonaws.com/image/actions/image/IMG_WT_004.jpg
ART-1096,Weight & Metabolism,Is breakfast an essential condition for boosting metabolism?,https://havit-prod-us-east.s3.us-east-1.amazonaws.com/image/actions/image/IMG_WT_006.jpg
ART-1104,Weight & Metabolism,Does starving damage your basal metabolic rate?,https://havit-prod-us-east.s3.us-east-1.amazonaws.com/image/actions/image/IMG_WT_006.jpg
ART-1105,Weight & Metabolism,Does increasing meal frequency boost metabolism?,https://havit-prod-us-east.s3.us-east-1.amazonaws.com/image/actions/image/IMG_WT_006.jpg
ART-1225,Weight & Metabolism,The Secret of Skeletal Muscle Mass: A Key Indicator of a Healthy Body,https://havit-prod-us-east.s3.us-east-1.amazonaws.com/image/actions/image/IMG_WT_004.jpg
ART-1228,Weight & Metabolism,"InBody results sheet, this is all you need to see",https://havit-prod-us-east.s3.us-east-1.amazonaws.com/image/actions/image/IMG_WT_004.jpg
ART-1229,Weight & Metabolism,Check Your Body's Real Health Status with WHtR,https://havit-prod-us-east.s3.us-east-1.amazonaws.com/image/actions/image/IMG_WT_005.jpg
ART-1230,Weight & Metabolism,Goal Setting Method That Triples Body Composition Improvement Success Rate,https://havit-prod-us-east.s3.us-east-1.amazonaws.com/image/actions/image/IMG_WT_001.jpg
ART-1236,Weight & Metabolism,Awakening Your Metabolic Engine Through Breathing: Why Just Breathing Burns Calories,https://havit-prod-us-east.s3.us-east-1.amazonaws.com/image/actions/image/IMG_WT_006.jpg
ART-1239,Weight & Metabolism,Scientific reasons why the maintenance phase is more important after successful weight loss,https://havit-prod-us-east.s3.us-east-1.amazonaws.com/image/actions/image/IMG_WT_002.jpg
ART-1277,Weight & Metabolism,The Metabolic Engine Awakened by Warm Water,https://havit-prod-us-east.s3.us-east-1.amazonaws.com/image/actions/image/IMG_WT_001.jpg
ART-1284,Weight & Metabolism,The golden hours of the day when you lose weight most effectively,https://havit-prod-us-east.s3.us-east-1.amazonaws.com/image/actions/image/IMG_CAT_WT.jpg
ART-1290,Weight & Metabolism,Diet Without Plateaus: How to Prevent Metabolic Adaptation,https://havit-prod-us-east.s3.us-east-1.amazonaws.com/image/actions/image/IMG_WT_006.jpg
ART-1295,Weight & Metabolism,Why Digestive Power is Key to Weight Loss,https://havit-prod-us-east.s3.us-east-1.amazonaws.com/image/actions/image/IMG_CAT_WT.jpg
ART-1296,Weight & Metabolism,The Amazing Impact of Living Enzymes on Metabolism,https://havit-prod-us-east.s3.us-east-1.amazonaws.com/image/actions/image/IMG_WT_001.jpg
ART-1297,Weight & Metabolism,A 1-degree increase in body temperature raises metabolic rate by 13%,https://havit-prod-us-east.s3.us-east-1.amazonaws.com/image/actions/image/IMG_WT_006.jpg
ART-1298,Weight & Metabolism,The Real Reason Why Poor Circulation Prevents Weight Loss,https://havit-prod-us-east.s3.us-east-1.amazonaws.com/image/actions/image/IMG_CAT_WT.jpg
ART-1299,Weight & Metabolism,The Secret of Metabolism Controlled by Bioelectricity,https://havit-prod-us-east.s3.us-east-1.amazonaws.com/image/actions/image/IMG_WT_006.jpg
ART-1300,Weight & Metabolism,The real reason you can't lose weight is elimination problems,https://havit-prod-us-east.s3.us-east-1.amazonaws.com/image/actions/image/IMG_CAT_WT.jpg
ART-1303,Weight & Metabolism,Metabolic Activation Methods to Awaken Your Cellular Energy Factory,https://havit-prod-us-east.s3.us-east-1.amazonaws.com/image/actions/image/IMG_WT_001.jpg
ART-1305,Weight & Metabolism,28-Day Miracle: Reset Your Weight Through Cellular Regeneration,https://havit-prod-us-east.s3.us-east-1.amazonaws.com/image/actions/image/IMG_CAT_WT.jpg
ART-1306,Weight & Metabolism,"The 210-day miracle, the time for your brain to remember the new you",https://havit-prod-us-east.s3.us-east-1.amazonaws.com/image/actions/image/IMG_CAT_WT.jpg
ART-1326,Weight & Metabolism,Metabolism doesn't stop on weekends,https://havit-prod-us-east.s3.us-east-1.amazonaws.com/image/actions/image/IMG_WT_006.jpg
ART-1356,Weight & Metabolism,Why fluctuating portions cause the yo-yo effect,https://havit-prod-us-east.s3.us-east-1.amazonaws.com/image/actions/image/IMG_WT_008.jpg
ART-1363,Weight & Metabolism,Quality salt activates metabolism,https://havit-prod-us-east.s3.us-east-1.amazonaws.com/image/actions/image/IMG_WT_006.jpg
ART-1370,Weight & Metabolism,Night rest determines metabolism,https://havit-prod-us-east.s3.us-east-1.amazonaws.com/image/actions/image/IMG_WT_006.jpg
ART-1374,Weight & Metabolism,Muscle mass determines your metabolic rate,https://havit-prod-us-east.s3.us-east-1.amazonaws.com/image/actions/image/IMG_WT_004.jpg
ART-1379,Weight & Metabolism,Scientific Methods to Increase Basal Metabolic Rate,https://havit-prod-us-east.s3.us-east-1.amazonaws.com/image/actions/image/IMG_WT_003.jpg
ART-1387,Weight & Metabolism,The Magic of Metabolism Changed by 1 Minute of Movement,https://havit-prod-us-east.s3.us-east-1.amazonaws.com/image/actions/image/IMG_WT_006.jpg
ART-1400,Weight & Metabolism,Small Habits That Reverse Vascular Age,https://havit-prod-us-east.s3.us-east-1.amazonaws.com/image/actions/image/IMG_WT_001.jpg
ART-1401,Weight & Metabolism,Healthy organs are essential for weight loss,https://havit-prod-us-east.s3.us-east-1.amazonaws.com/image/actions/image/IMG_CAT_WT.jpg
ART-1402,Weight & Metabolism,Triple Your Diet Success Rate with Autonomic Nervous System Balance,https://havit-prod-us-east.s3.us-east-1.amazonaws.com/image/actions/image/IMG_CAT_WT.jpg
ART-1404,Weight & Metabolism,The Hidden Secrets of People Who Maintain Their Weight for 10 Years,https://havit-prod-us-east.s3.us-east-1.amazonaws.com/image/actions/image/IMG_CAT_WT.jpg
ART-1423,Weight & Metabolism,Why metabolism is determined by the amount of water,https://havit-prod-us-east.s3.us-east-1.amazonaws.com/image/actions/image/IMG_WT_001.jpg
